Incident_ID,Reporting_Agency,Date_Reported,Time_Reported,Incident_Type,NDRRMC_Hazard_Classification,NDRRMC_Report_Type,Probable_Cause,Severity,Congressional_District,LGU_Type,City_Municipality,Barangay,Latitude,Longitude,Response_Time_Minutes,Units_Deployed,Casualties,Estimated_Damage_PHP,Status
DRRMO-20240101-4490,DRRMO,2024-01-01,13:12:44,Infrastructure Damage,Human-Induced Hazard,Incident Report,Bridge damage,High,Negros Occidental - 3rd District,City,Talisay City,Dos Hermanas,10.764983,122.950187,4,1,0,962387,Closed
DRRMO-20240106-0292,DRRMO,2024-01-06,09:06:33,Fire Incident,Human-Induced Hazard,Incident Report,LPG tank leak,Low,Negros Occidental - 3rd District,City,Talisay City,San Isidro,10.746223,122.964466,3,1,0,15662,Resolved
DRRMO-20240110-8902,DRRMO,2024-01-10,09:36:38,Landslide,Natural Hazard,Incident Report,Quarrying-related instability,Low,Negros Occidental - 3rd District,City,Talisay City,Concepcion,10.768919,122.953504,16,2,2,0,Ongoing
DRRMO-20240113-0102,DRRMO,2024-01-13,09:18:18,Infrastructure Damage,Natural Hazard,Incident Report,Bridge damage,Critical,Negros Occidental - 3rd District,City,Talisay City,Concepcion,10.70595,123.001122,16,1,3,778360,Resolved
DRRMO-20240115-0189,DRRMO,2024-01-15,19:45:54,Medical Emergency,Human-Induced Hazard,Incident Report,Snake bite,High,Negros Occidental - 3rd District,City,Talisay City,Efigenio Lizares,10.704112,122.993465,15,3,0,0,Resolved
BFP-20240119-2254,BFP,2024-01-19,11:19:11,Fire Incident,Human-Induced Hazard,Incident Report,Electrical ignition/faulty wiring,High,Negros Occidental - 3rd District,City,Talisay City,Efigenio Lizares,10.719047,122.996616,26,1,0,758808,Ongoing
BFP-20240122-7169,BFP,2024-01-22,22:24:22,Fire Incident,Human-Induced Hazard,Incident Report,Unattended cooking / open flame,Low,Negros Occidental - 3rd District,City,Talisay City,Bulanon,10.701452,123.009866,28,3,0,404677,False Alarm
BFP-20240124-0051,BFP,2024-01-24,11:27:04,Fire Incident,Human-Induced Hazard,Incident Report,Electrical short circuit,High,Negros Occidental - 3rd District,City,Talisay City,San Isidro,10.739243,122.970377,4,2,0,186526,Resolved
DRRMO-20240130-0829,DRRMO,2024-01-30,05:12:56,Infrastructure Damage,Natural Hazard,Incident Report,Fallen electric post/tree,Low,Negros Occidental - 3rd District,City,Talisay City,Zone 19,10.707062,122.925763,28,1,0,1197592,Resolved
DRRMO-20240131-0103,DRRMO,2024-01-31,18:35:07,Infrastructure Damage,Human-Induced Hazard,Incident Report,Building crack/structural risk,Low,Negros Occidental - 3rd District,City,Talisay City,McKinley Baybay,10.699559,122.94713,11,2,0,29716,Resolved
BFP-20240201-2291,BFP,2024-02-01,12:54:28,Fire Incident,Human-Induced Hazard,Incident Report,Smoking / lighted cigarette,Low,Negros Occidental - 3rd District,City,Talisay City,"Zone 16, Bubog",10.753587,122.944985,19,1,0,364627,Resolved
DRRMO-20240201-8942,DRRMO,2024-02-01,15:10:34,Flood/Typhoon,Natural Hazard,Incident Report,Storm surge,Low,Negros Occidental - 3rd District,City,Talisay City,Efigenio Lizares,10.701592,122.959099,27,4,0,0,Resolved
DRRMO-20240202-8929,DRRMO,2024-02-02,00:05:13,Vehicular Accident,Human-Induced Hazard,Incident Report,Multi-vehicle collision,Low,Negros Occidental - 3rd District,City,Talisay City,Efigenio Lizares,10.732955,122.922654,26,1,0,0,Resolved
DRRMO-20240202-3341,DRRMO,2024-02-02,18:44:07,Other Emergency,Human-Induced Hazard,Incident Report,Animal rescue,High,Negros Occidental - 3rd District,City,Talisay City,Efigenio Lizares,10.69161,122.951369,8,4,1,0,Resolved
DRRMO-20240203-9404,DRRMO,2024-02-03,19:09:43,Vehicular Accident,Human-Induced Hazard,Incident Report,Pedestrian hit,Low,Negros Occidental - 3rd District,City,Talisay City,San Sebastian,10.77065,122.957201,14,4,0,0,Resolved
DRRMO-20240206-0161,DRRMO,2024-02-06,11:26:51,Other Emergency,Human-Induced Hazard,Incident Report,Animal rescue,Low,Negros Occidental - 3rd District,City,Talisay City,"Zone 16, Bubog",10.751201,122.926557,11,1,0,0,Ongoing
BFP-20240208-9734,BFP,2024-02-08,01:23:53,Fire Incident,Human-Induced Hazard,Incident Report,Candle / lighted lamp,Low,Negros Occidental - 3rd District,City,Talisay City,Katilingban,10.696522,123.006425,4,3,0,947732,Resolved
BFP-20240210-0383,BFP,2024-02-10,02:40:36,Other Emergency,Human-Induced Hazard,Incident Report,Animal rescue,Critical,Negros Occidental - 3rd District,City,Talisay City,Zone 20,10.743291,122.970293,14,2,0,0,Resolved
DRRMO-20240210-0275,DRRMO,2024-02-10,12:27:44,Other Emergency,Human-Induced Hazard,Incident Report,Power line hazard,Low,Negros Occidental - 3rd District,City,Talisay City,Cabatangan,10.703331,122.968951,9,1,0,0,Resolved
DRRMO-20240210-9820,DRRMO,2024-02-10,18:09:03,Flood/Typhoon,Natural Hazard,Incident Report,River overflow (Imbang/Malijao river system),Low,Negros Occidental - 3rd District,City,Talisay City,Dos Hermanas,10.711952,122.938004,3,2,1,1075089,Closed
BFP-20240214-0511,BFP,2024-02-14,23:50:58,Fire Incident,Human-Induced Hazard,Incident Report,Unattended cooking / open flame,High,Negros Occidental - 3rd District,City,Talisay City,Zone 19,10.746007,122.950163,19,1,0,1289972,Ongoing
DRRMO-20240216-6228,DRRMO,2024-02-16,21:14:49,Medical Emergency,Human-Induced Hazard,Incident Report,Fall/physical injury,Low,Negros Occidental - 3rd District,City,Talisay City,Katilingban,10.773744,123.005532,14,3,1,0,Resolved
BFP-20240217-9656,BFP,2024-02-17,20:53:43,Fire Incident,Human-Induced Hazard,Incident Report,Electrical short circuit,Critical,Negros Occidental - 3rd District,City,Talisay City,Zone 20,10.700474,123.009175,29,2,0,869207,Resolved
DRRMO-20240218-2445,DRRMO,2024-02-18,11:41:42,Chemical Leak,Human-Induced Hazard,Incident Report,Gas leak (non-fire),Low,Negros Occidental - 3rd District,City,Talisay City,San Isidro,10.756793,122.951873,8,4,0,0,Ongoing
DRRMO-20240223-9017,DRRMO,2024-02-23,03:26:21,Vehicular Accident,Human-Induced Hazard,Incident Report,Pedestrian hit,High,Negros Occidental - 3rd District,City,Talisay City,Bulanon,10.730154,122.988119,24,2,0,0,Resolved
BFP-20240224-9759,BFP,2024-02-24,03:27:14,Fire Incident,Human-Induced Hazard,Incident Report,Electrical ignition/faulty wiring,High,Negros Occidental - 3rd District,City,Talisay City,Zone 19,10.696462,122.980517,25,1,0,0,Ongoing
DRRMO-20240224-0191,DRRMO,2024-02-24,20:25:46,Vehicular Accident,Human-Induced Hazard,Incident Report,Vehicle overturned,High,Negros Occidental - 3rd District,City,Talisay City,San Isidro,10.731705,122.993388,11,1,0,0,Resolved
DRRMO-20240224-4106,DRRMO,2024-02-24,21:03:12,Other Emergency,Human-Induced Hazard,Incident Report,Animal rescue,Critical,Negros Occidental - 3rd District,City,Talisay City,Katilingban,10.753766,122.936094,19,1,1,0,Closed
BFP-20240225-1791,BFP,2024-02-25,21:41:41,Fire Incident,Human-Induced Hazard,Incident Report,Electrical short circuit,Critical,Negros Occidental - 3rd District,City,Talisay City,Concepcion,10.695152,122.992821,6,4,0,1528982,Resolved
DRRMO-20240302-4257,DRRMO,2024-03-02,06:52:16,Other Emergency,Human-Induced Hazard,Incident Report,False alarm / unverified report,High,Negros Occidental - 3rd District,City,Talisay City,San Sebastian,10.761313,122.92963,15,1,0,0,Resolved
DRRMO-20240307-0364,DRRMO,2024-03-07,11:47:42,Infrastructure Damage,Natural Hazard,Incident Report,Road washout/damage,Low,Negros Occidental - 3rd District,City,Talisay City,Dos Hermanas,10.733402,122.929712,7,1,0,5120,Resolved
BFP-20240307-9222,BFP,2024-03-07,12:31:04,Fire Incident,Human-Induced Hazard,Incident Report,Arson (under investigation),High,Negros Occidental - 3rd District,City,Talisay City,Zone 20,10.743503,122.925361,4,3,0,1724101,Resolved
BFP-20240308-9788,BFP,2024-03-08,04:17:39,Fire Incident,Human-Induced Hazard,Incident Report,LPG tank leak,Low,Negros Occidental - 3rd District,City,Talisay City,Matab-ang,10.739756,122.991215,17,1,0,311078,Resolved
DRRMO-20240310-0368,DRRMO,2024-03-10,01:15:32,Landslide,Natural Hazard,Incident Report,Slope erosion,Low,Negros Occidental - 3rd District,City,Talisay City,Efigenio Lizares,10.729368,122.955845,8,1,0,19047,Resolved
BFP-20240317-5433,BFP,2024-03-17,00:04:12,Fire Incident,Human-Induced Hazard,Incident Report,Electrical short circuit,Critical,Negros Occidental - 3rd District,City,Talisay City,Matab-ang,10.727692,122.932879,23,1,0,1704454,Resolved
DRRMO-20240317-2475,DRRMO,2024-03-17,21:03:48,Flood/Typhoon,Natural Hazard,Incident Report,Typhoon/tropical storm rainfall,High,Negros Occidental - 3rd District,City,Talisay City,Cabatangan,10.725053,123.004254,20,1,0,0,Resolved
DRRMO-20240317-4328,DRRMO,2024-03-17,23:46:06,Flood/Typhoon,Natural Hazard,Incident Report,River overflow (Imbang/Malijao river system),Low,Negros Occidental - 3rd District,City,Talisay City,Katilingban,10.744769,122.965675,6,4,1,0,Resolved
DRRMO-20240321-9364,DRRMO,2024-03-21,12:57:54,Flood/Typhoon,Natural Hazard,Incident Report,Heavy monsoon rain,Low,Negros Occidental - 3rd District,City,Talisay City,Bulanon,10.692952,122.977122,20,4,0,626738,Resolved
DRRMO-20240323-0410,DRRMO,2024-03-23,04:04:52,Other Emergency,Human-Induced Hazard,Incident Report,Animal rescue,Low,Negros Occidental - 3rd District,City,Talisay City,Concepcion,10.79084,122.973707,12,1,0,0,Resolved
BFP-20240331-0077,BFP,2024-03-31,04:39:27,Fire Incident,Human-Induced Hazard,Incident Report,Unknown/undetermined,Low,Negros Occidental - 3rd District,City,Talisay City,Matab-ang,10.7265,122.962903,21,2,0,0,Ongoing
DRRMO-20240331-0072,DRRMO,2024-03-31,06:00:08,Vehicular Accident,Human-Induced Hazard,Incident Report,Multi-vehicle collision,Critical,Negros Occidental - 3rd District,City,Talisay City,McKinley Baybay,10.746911,122.943076,10,2,4,0,Resolved
BFP-20240331-0180,BFP,2024-03-31,07:39:29,Other Emergency,Human-Induced Hazard,Incident Report,Water rescue (non-flood),High,Negros Occidental - 3rd District,City,Talisay City,Cabatangan,10.712479,123.011563,11,2,0,0,Closed
BFP-20240401-0984,BFP,2024-04-01,07:10:31,Fire Incident,Human-Induced Hazard,Incident Report,Arson (under investigation),Low,Negros Occidental - 3rd District,City,Talisay City,Concepcion,10.748305,122.953842,4,4,0,1616478,Resolved
DRRMO-20240405-9069,DRRMO,2024-04-05,09:14:25,Vehicular Accident,Human-Induced Hazard,Incident Report,Motorcycle self-accident,High,Negros Occidental - 3rd District,City,Talisay City,Bulanon,10.710681,122.986396,18,4,0,0,Resolved
DRRMO-20240405-5143,DRRMO,2024-04-05,12:43:47,Vehicular Accident,Human-Induced Hazard,Incident Report,Multi-vehicle collision,Low,Negros Occidental - 3rd District,City,Talisay City,Zone 19,10.719069,122.975455,25,3,0,0,Resolved
DRRMO-20240410-0138,DRRMO,2024-04-10,16:58:20,Other Emergency,Human-Induced Hazard,Incident Report,Animal rescue,Low,Negros Occidental - 3rd District,City,Talisay City,"Zone 16, Bubog",10.724054,122.964356,3,1,0,0,Resolved
DRRMO-20240413-0076,DRRMO,2024-04-13,15:40:38,Flood/Typhoon,Natural Hazard,Incident Report,River overflow (Imbang/Malijao river system),Low,Negros Occidental - 3rd District,City,Talisay City,Katilingban,10.798171,122.940829,10,1,0,8111,Resolved
BFP-20240416-4054,BFP,2024-04-16,08:39:09,Fire Incident,Human-Induced Hazard,Incident Report,Unattended cooking / open flame,Critical,Negros Occidental - 3rd District,City,Talisay City,Concepcion,10.745661,123.008547,4,1,0,174590,Resolved
DRRMO-20240417-1526,DRRMO,2024-04-17,02:21:10,Vehicular Accident,Human-Induced Hazard,Incident Report,Vehicle overturned,High,Negros Occidental - 3rd District,City,Talisay City,San Isidro,10.703677,122.9275,3,3,0,0,Resolved
BFP-20240420-0247,BFP,2024-04-20,17:01:50,Other Emergency,Human-Induced Hazard,Incident Report,Animal rescue,Low,Negros Occidental - 3rd District,City,Talisay City,"Zone 16, Bubog",10.750392,122.933984,8,1,0,0,Closed
BFP-20240420-0324,BFP,2024-04-20,17:14:32,Chemical Leak,Human-Induced Hazard,Incident Report,Fuel spill,Low,Negros Occidental - 3rd District,City,Talisay City,Cabatangan,10.751086,122.966455,9,1,0,0,Resolved
DRRMO-20240423-0068,DRRMO,2024-04-23,07:39:57,Infrastructure Damage,Natural Hazard,Incident Report,Collapsed structure,Low,Negros Occidental - 3rd District,City,Talisay City,Efigenio Lizares,10.725389,122.964825,6,2,0,26073,Resolved
DRRMO-20240426-0271,DRRMO,2024-04-26,11:08:00,Flood/Typhoon,Natural Hazard,Incident Report,River overflow (Imbang/Malijao river system),Critical,Negros Occidental - 3rd District,City,Talisay City,San Sebastian,10.727015,122.974009,11,2,1,982803,Resolved
DRRMO-20240426-5054,DRRMO,2024-04-26,11:27:07,Vehicular Accident,Human-Induced Hazard,Incident Report,Head-on collision,High,Negros Occidental - 3rd District,City,Talisay City,Katilingban,10.747649,122.979313,11,2,0,0,Resolved
BFP-20240428-6771,BFP,2024-04-28,12:55:32,Fire Incident,Human-Induced Hazard,Incident Report,Smoking / lighted cigarette,High,Negros Occidental - 3rd District,City,Talisay City,Zone 19,10.77399,122.985766,15,1,0,677954,Resolved
BFP-20240430-8048,BFP,2024-04-30,08:49:16,Fire Incident,Human-Induced Hazard,Incident Report,LPG tank leak,Low,Negros Occidental - 3rd District,City,Talisay City,Bulanon,10.727933,123.019637,3,2,0,1177913,False Alarm
DRRMO-20240501-1190,DRRMO,2024-05-01,17:00:41,Other Emergency,Human-Induced Hazard,Incident Report,Search and rescue,Low,Negros Occidental - 3rd District,City,Talisay City,Bulanon,10.74256,122.995596,13,1,0,0,Resolved
DRRMO-20240502-6569,DRRMO,2024-05-02,16:43:57,Other Emergency,Human-Induced Hazard,Incident Report,Water rescue (non-flood),Low,Negros Occidental - 3rd District,City,Talisay City,Cabatangan,10.705244,123.000434,11,1,0,0,Resolved
DRRMO-20240507-4845,DRRMO,2024-05-07,23:57:19,Vehicular Accident,Human-Induced Hazard,Incident Report,Multi-vehicle collision,Critical,Negros Occidental - 3rd District,City,Talisay City,"Zone 16, Bubog",10.716289,122.960839,22,3,0,0,Ongoing
BFP-20240509-9750,BFP,2024-05-09,01:27:05,Vehicular Accident,Human-Induced Hazard,Incident Report,Pedestrian hit,Low,Negros Occidental - 3rd District,City,Talisay City,Matab-ang,10.727008,123.019727,8,2,0,0,Ongoing
BFP-20240509-8043,BFP,2024-05-09,08:02:03,Medical Emergency,Human-Induced Hazard,Incident Report,Stroke/seizure,Low,Negros Occidental - 3rd District,City,Talisay City,"Zone 16, Bubog",10.714832,123.014409,12,1,0,0,Resolved
BFP-20240514-0859,BFP,2024-05-14,00:22:50,Fire Incident,Human-Induced Hazard,Incident Report,Unknown/undetermined,Critical,Negros Occidental - 3rd District,City,Talisay City,Zone 17,10.710224,122.952377,20,3,0,54064,False Alarm
DRRMO-20240517-6610,DRRMO,2024-05-17,10:57:31,Fire Incident,Human-Induced Hazard,Incident Report,Arson (under investigation),High,Negros Occidental - 3rd District,City,Talisay City,McKinley Baybay,10.75376,122.936488,19,3,0,0,Resolved
DRRMO-20240521-8453,DRRMO,2024-05-21,08:03:41,Flood/Typhoon,Natural Hazard,Incident Report,River overflow (Imbang/Malijao river system),High,Negros Occidental - 3rd District,City,Talisay City,San Sebastian,10.7643,122.975454,16,2,0,0,Resolved
BFP-20240524-4993,BFP,2024-05-24,03:02:00,Fire Incident,Human-Induced Hazard,Incident Report,Arson (under investigation),Critical,Negros Occidental - 3rd District,City,Talisay City,Zone 20,10.740716,122.973715,26,3,0,1164065,Ongoing
BFP-20240524-1389,BFP,2024-05-24,11:19:41,Fire Incident,Human-Induced Hazard,Incident Report,LPG tank leak,High,Negros Occidental - 3rd District,City,Talisay City,Bulanon,10.746281,122.932895,22,2,0,0,Resolved
DRRMO-20240531-0143,DRRMO,2024-05-31,08:47:42,Flood/Typhoon,Natural Hazard,Incident Report,Typhoon/tropical storm rainfall,High,Negros Occidental - 3rd District,City,Talisay City,Katilingban,10.715964,122.967331,9,2,0,255176,Resolved
DRRMO-20240601-8211,DRRMO,2024-06-01,11:25:14,Other Emergency,Human-Induced Hazard,Incident Report,Animal rescue,Low,Negros Occidental - 3rd District,City,Talisay City,Zone 17,10.740116,123.005716,20,4,0,0,Resolved
BFP-20240602-8009,BFP,2024-06-02,05:20:54,Other Emergency,Human-Induced Hazard,Incident Report,Power line hazard,Low,Negros Occidental - 3rd District,City,Talisay City,"Zone 16, Bubog",10.727556,122.98803,19,2,0,0,Closed
DRRMO-20240603-8267,DRRMO,2024-06-03,01:28:06,Flood/Typhoon,Natural Hazard,Incident Report,Heavy monsoon rain,Critical,Negros Occidental - 3rd District,City,Talisay City,Zone 17,10.766426,122.954344,17,2,0,0,Closed
DRRMO-20240604-7184,DRRMO,2024-06-04,01:34:01,Infrastructure Damage,Natural Hazard,Incident Report,Collapsed structure,High,Negros Occidental - 3rd District,City,Talisay City,Dos Hermanas,10.772648,122.948211,20,3,0,45675,Resolved
DRRMO-20240604-2018,DRRMO,2024-06-04,13:39:43,Flood/Typhoon,Natural Hazard,Incident Report,Typhoon/tropical storm rainfall,High,Negros Occidental - 3rd District,City,Talisay City,San Sebastian,10.763097,122.928669,8,4,0,1569233,Resolved
DRRMO-20240605-8525,DRRMO,2024-06-05,06:44:43,Vehicular Accident,Human-Induced Hazard,Incident Report,Pedestrian hit,Low,Negros Occidental - 3rd District,City,Talisay City,Matab-ang,10.690791,122.962087,20,3,0,0,Resolved
DRRMO-20240605-7669,DRRMO,2024-06-05,20:10:50,Fire Incident,Human-Induced Hazard,Incident Report,LPG tank leak,Low,Negros Occidental - 3rd District,City,Talisay City,Matab-ang,10.725884,122.926353,7,4,1,0,Resolved
BFP-20240606-4128,BFP,2024-06-06,00:29:45,Infrastructure Damage,Natural Hazard,Incident Report,Fallen electric post/tree,Critical,Negros Occidental - 3rd District,City,Talisay City,McKinley Baybay,10.69322,122.927325,30,3,0,1443737,Closed
BFP-20240610-0380,BFP,2024-06-10,00:44:43,Chemical Leak,Human-Induced Hazard,Incident Report,Industrial/sugar-mill chemical spill,Critical,Negros Occidental - 3rd District,City,Talisay City,Katilingban,10.718911,122.967974,12,1,0,0,Resolved
BFP-20240610-1744,BFP,2024-06-10,14:00:46,Other Emergency,Human-Induced Hazard,Incident Report,Power line hazard,Low,Negros Occidental - 3rd District,City,Talisay City,Bulanon,10.712388,122.970059,23,3,2,0,Resolved
DRRMO-20240612-0416,DRRMO,2024-06-12,08:10:25,Landslide,Natural Hazard,Incident Report,Quarrying-related instability,High,Negros Occidental - 3rd District,City,Talisay City,Efigenio Lizares,10.738022,122.933252,9,1,2,101184,Resolved
DRRMO-20240612-7542,DRRMO,2024-06-12,22:06:24,Infrastructure Damage,Natural Hazard,Incident Report,Road washout/damage,Critical,Negros Occidental - 3rd District,City,Talisay City,Zone 19,10.693292,122.967069,29,3,0,564532,Resolved
BFP-20240616-2080,BFP,2024-06-16,15:22:33,Fire Incident,Human-Induced Hazard,Incident Report,LPG tank leak,High,Negros Occidental - 3rd District,City,Talisay City,"Zone 16, Bubog",10.756554,122.992077,24,2,2,0,Resolved
BFP-20240618-8721,BFP,2024-06-18,19:08:50,Medical Emergency,Human-Induced Hazard,Incident Report,Snake bite,High,Negros Occidental - 3rd District,City,Talisay City,Efigenio Lizares,10.75915,123.000544,25,3,0,0,Resolved
DRRMO-20240621-1872,DRRMO,2024-06-21,14:36:47,Flood/Typhoon,Natural Hazard,Incident Report,River overflow (Imbang/Malijao river system),High,Negros Occidental - 3rd District,City,Talisay City,Zone 17,10.755103,122.974973,10,3,1,0,Closed
DRRMO-20240621-0178,DRRMO,2024-06-21,15:19:50,Infrastructure Damage,Natural Hazard,Incident Report,Bridge damage,Low,Negros Occidental - 3rd District,City,Talisay City,Efigenio Lizares,10.758145,122.997984,12,1,0,10569,Resolved
DRRMO-20240627-2873,DRRMO,2024-06-27,22:35:44,Other Emergency,Human-Induced Hazard,Incident Report,Search and rescue,Critical,Negros Occidental - 3rd District,City,Talisay City,Zone 20,10.756894,122.942324,16,4,0,0,Resolved
DRRMO-20240630-1481,DRRMO,2024-06-30,15:37:35,Landslide,Natural Hazard,Incident Report,Quarrying-related instability,Low,Negros Occidental - 3rd District,City,Talisay City,McKinley Baybay,10.719261,123.003765,7,1,0,940146,Resolved
DRRMO-20240702-5879,DRRMO,2024-07-02,18:36:42,Flood/Typhoon,Natural Hazard,Incident Report,Storm surge,High,Negros Occidental - 3rd District,City,Talisay City,Zone 19,10.772258,122.993592,28,2,0,333913,Closed
DRRMO-20240704-5461,DRRMO,2024-07-04,18:27:40,Other Emergency,Human-Induced Hazard,Incident Report,Search and rescue,High,Negros Occidental - 3rd District,City,Talisay City,Zone 19,10.731797,122.929124,19,4,0,0,Resolved
BFP-20240707-1312,BFP,2024-07-07,00:08:46,Vehicular Accident,Human-Induced Hazard,Incident Report,Multi-vehicle collision,High,Negros Occidental - 3rd District,City,Talisay City,Efigenio Lizares,10.746272,123.014044,26,4,0,0,Ongoing
BFP-20240708-0137,BFP,2024-07-08,14:43:55,Fire Incident,Human-Induced Hazard,Incident Report,Smoking / lighted cigarette,High,Negros Occidental - 3rd District,City,Talisay City,McKinley Baybay,10.716392,122.977417,10,1,0,201486,Resolved
DRRMO-20240709-1205,DRRMO,2024-07-09,21:37:42,Flood/Typhoon,Natural Hazard,Incident Report,Clogged drainage/canal overflow,Critical,Negros Occidental - 3rd District,City,Talisay City,San Isidro,10.697284,122.981862,10,3,0,0,Resolved
DRRMO-20240711-0326,DRRMO,2024-07-11,16:20:03,Medical Emergency,Human-Induced Hazard,Incident Report,Drowning,Low,Negros Occidental - 3rd District,City,Talisay City,Katilingban,10.729253,122.982447,19,1,0,0,Resolved
BFP-20240712-0360,BFP,2024-07-12,19:10:46,Fire Incident,Human-Induced Hazard,Incident Report,LPG tank leak,Low,Negros Occidental - 3rd District,City,Talisay City,McKinley Baybay,10.742474,123.008566,3,1,0,10258,Resolved
DRRMO-20240715-9672,DRRMO,2024-07-15,03:02:36,Flood/Typhoon,Natural Hazard,Incident Report,Clogged drainage/canal overflow,High,Negros Occidental - 3rd District,City,Talisay City,Matab-ang,10.761085,122.985792,7,2,0,1017895,Resolved
DRRMO-20240716-6803,DRRMO,2024-07-16,16:42:15,Infrastructure Damage,Human-Induced Hazard,Incident Report,Fallen electric post/tree,Low,Negros Occidental - 3rd District,City,Talisay City,Zone 20,10.743153,122.93789,16,3,2,402327,Resolved
BFP-20240717-8993,BFP,2024-07-17,03:11:42,Fire Incident,Human-Induced Hazard,Incident Report,Electrical short circuit,High,Negros Occidental - 3rd District,City,Talisay City,Zone 17,10.73822,122.925439,8,2,0,0,Resolved
DRRMO-20240720-8310,DRRMO,2024-07-20,08:46:56,Flood/Typhoon,Natural Hazard,Situational Report,Storm surge,Low,Negros Occidental - 3rd District,City,Talisay City,Matab-ang,10.696499,122.92754,5,3,0,1129563,Resolved
BFP-20240720-0384,BFP,2024-07-20,22:43:08,Other Emergency,Human-Induced Hazard,Incident Report,Water rescue (non-flood),Low,Negros Occidental - 3rd District,City,Talisay City,"Zone 16, Bubog",10.707521,122.886818,3,1,0,0,Resolved
DRRMO-20240722-7114,DRRMO,2024-07-22,11:56:03,Flood/Typhoon,Natural Hazard,Incident Report,Storm surge,High,Negros Occidental - 3rd District,City,Talisay City,Zone 19,10.746669,123.017327,20,1,0,0,Closed
BFP-20240723-8981,BFP,2024-07-23,08:53:33,Fire Incident,Human-Induced Hazard,Incident Report,LPG tank leak,Low,Negros Occidental - 3rd District,City,Talisay City,Efigenio Lizares,10.720423,122.960976,6,3,1,1277169,Resolved
BFP-20240724-0378,BFP,2024-07-24,02:50:16,Fire Incident,Human-Induced Hazard,Incident Report,Unattended cooking / open flame,High,Negros Occidental - 3rd District,City,Talisay City,Efigenio Lizares,10.701426,122.934767,10,1,0,202868,Resolved
DRRMO-20240724-1983,DRRMO,2024-07-24,22:19:25,Infrastructure Damage,Natural Hazard,Incident Report,Collapsed structure,Critical,Negros Occidental - 3rd District,City,Talisay City,Matab-ang,10.74524,122.96381,30,1,0,1451757,Resolved
DRRMO-20240726-6026,DRRMO,2024-07-26,19:55:49,Vehicular Accident,Human-Induced Hazard,Incident Report,Head-on collision,Critical,Negros Occidental - 3rd District,City,Talisay City,Zone 19,10.76396,123.002998,13,1,3,0,False Alarm
BFP-20240727-0833,BFP,2024-07-27,21:40:54,Fire Incident,Human-Induced Hazard,Incident Report,Smoking / lighted cigarette,Critical,Negros Occidental - 3rd District,City,Talisay City,Katilingban,10.73296,122.945112,7,3,0,719072,Resolved
DRRMO-20240730-1965,DRRMO,2024-07-30,07:12:53,Flood/Typhoon,Natural Hazard,Incident Report,Typhoon/tropical storm rainfall,High,Negros Occidental - 3rd District,City,Talisay City,Efigenio Lizares,10.761088,122.955603,18,2,0,556595,Closed
BFP-20240801-0159,BFP,2024-08-01,00:34:27,Infrastructure Damage,Natural Hazard,Incident Report,Bridge damage,Critical,Negros Occidental - 3rd District,City,Talisay City,"Zone 16, Bubog",10.711416,122.962374,16,3,1,1892555,Resolved
DRRMO-20240802-0319,DRRMO,2024-08-02,12:07:54,Flood/Typhoon,Natural Hazard,Incident Report,Heavy monsoon rain,Low,Negros Occidental - 3rd District,City,Talisay City,San Isidro,10.70892,122.986278,7,1,0,17807,Closed
BFP-20240805-0045,BFP,2024-08-05,16:55:35,Other Emergency,Human-Induced Hazard,Incident Report,Search and rescue,Low,Negros Occidental - 3rd District,City,Talisay City,Cabatangan,10.707093,122.926713,3,1,0,0,Resolved
DRRMO-20240807-6506,DRRMO,2024-08-07,12:49:35,Other Emergency,Human-Induced Hazard,Incident Report,Search and rescue,High,Negros Occidental - 3rd District,City,Talisay City,Bulanon,10.711598,123.016165,13,2,0,0,Closed
DRRMO-20240810-3114,DRRMO,2024-08-10,15:13:55,Infrastructure Damage,Natural Hazard,Incident Report,Fallen electric post/tree,Low,Negros Occidental - 3rd District,City,Talisay City,McKinley Baybay,10.715771,123.010899,5,1,5,1176994,Resolved
DRRMO-20240815-0234,DRRMO,2024-08-15,15:04:09,Infrastructure Damage,Natural Hazard,Incident Report,Road washout/damage,Low,Negros Occidental - 3rd District,City,Talisay City,Concepcion,10.766231,122.956121,10,2,0,20870,Resolved
BFP-20240816-0315,BFP,2024-08-16,03:37:53,Fire Incident,Human-Induced Hazard,Incident Report,Unknown/undetermined,Low,Negros Occidental - 3rd District,City,Talisay City,San Isidro,10.730914,122.92878,10,1,0,7276,Resolved
DRRMO-20240817-0246,DRRMO,2024-08-17,11:13:26,Fire Incident,Human-Induced Hazard,Incident Report,Electrical short circuit,High,Negros Occidental - 3rd District,City,Talisay City,San Sebastian,10.711925,122.978597,8,2,0,95609,Resolved
BFP-20240817-0329,BFP,2024-08-17,20:37:14,Fire Incident,Human-Induced Hazard,Incident Report,Candle / lighted lamp,High,Negros Occidental - 3rd District,City,Talisay City,Dos Hermanas,10.754659,122.950509,14,2,1,95126,Resolved
DRRMO-20240822-2247,DRRMO,2024-08-22,12:05:46,Other Emergency,Human-Induced Hazard,Incident Report,Power line hazard,Low,Negros Occidental - 3rd District,City,Talisay City,Zone 17,10.698706,122.951335,16,2,0,0,Resolved
BFP-20240825-4713,BFP,2024-08-25,14:40:16,Fire Incident,Human-Induced Hazard,Incident Report,Smoking / lighted cigarette,Low,Negros Occidental - 3rd District,City,Talisay City,San Sebastian,10.711703,122.92094,22,2,0,0,Closed
DRRMO-20240829-0031,DRRMO,2024-08-29,08:18:15,Flood/Typhoon,Natural Hazard,Incident Report,Typhoon/tropical storm rainfall,Low,Negros Occidental - 3rd District,City,Talisay City,McKinley Baybay,10.705377,122.999555,8,2,0,18320,Ongoing
DRRMO-20240829-6524,DRRMO,2024-08-29,11:06:43,Flood/Typhoon,Natural Hazard,Incident Report,River overflow (Imbang/Malijao river system),Critical,Negros Occidental - 3rd District,City,Talisay City,McKinley Baybay,10.73628,123.017784,11,1,0,932594,Resolved
BFP-20240831-0149,BFP,2024-08-31,19:28:44,Fire Incident,Human-Induced Hazard,Incident Report,Candle / lighted lamp,High,Negros Occidental - 3rd District,City,Talisay City,Concepcion,10.722982,122.953094,11,3,0,184538,Resolved
DRRMO-20240901-6247,DRRMO,2024-09-01,18:24:14,Infrastructure Damage,Human-Induced Hazard,Incident Report,Collapsed structure,High,Negros Occidental - 3rd District,City,Talisay City,Zone 19,10.755921,122.924365,27,2,0,1467760,Resolved
DRRMO-20240905-0165,DRRMO,2024-09-05,07:38:56,Medical Emergency,Human-Induced Hazard,Incident Report,Difficulty breathing,Low,Negros Occidental - 3rd District,City,Talisay City,Katilingban,10.703492,122.995669,7,1,0,0,Ongoing
DRRMO-20240905-0200,DRRMO,2024-09-05,10:36:50,Infrastructure Damage,Natural Hazard,Incident Report,Bridge damage,High,Negros Occidental - 3rd District,City,Talisay City,San Isidro,10.745178,123.032661,6,1,0,154161,Resolved
DRRMO-20240905-0075,DRRMO,2024-09-05,21:34:51,Landslide,Natural Hazard,Incident Report,Prolonged heavy rainfall,High,Negros Occidental - 3rd District,City,Talisay City,Dos Hermanas,10.735933,122.9356,8,2,0,126400,Closed
BFP-20240906-6966,BFP,2024-09-06,04:41:44,Fire Incident,Human-Induced Hazard,Incident Report,Candle / lighted lamp,High,Negros Occidental - 3rd District,City,Talisay City,Cabatangan,10.765876,123.006044,23,2,0,838132,Resolved
BFP-20240907-0580,BFP,2024-09-07,01:30:23,Fire Incident,Human-Induced Hazard,Incident Report,Arson (under investigation),Critical,Negros Occidental - 3rd District,City,Talisay City,San Isidro,10.768219,122.937896,6,2,0,25769,Resolved
BFP-20240907-5314,BFP,2024-09-07,05:29:24,Fire Incident,Human-Induced Hazard,Incident Report,Smoking / lighted cigarette,Low,Negros Occidental - 3rd District,City,Talisay City,Katilingban,10.774109,122.984,24,1,0,1529089,Resolved
BFP-20240910-1924,BFP,2024-09-10,09:55:02,Fire Incident,Human-Induced Hazard,Incident Report,Unknown/undetermined,High,Negros Occidental - 3rd District,City,Talisay City,San Sebastian,10.712339,123.00622,16,1,0,0,Resolved
DRRMO-20240911-5016,DRRMO,2024-09-11,07:44:56,Fire Incident,Human-Induced Hazard,Incident Report,Electrical ignition/faulty wiring,Critical,Negros Occidental - 3rd District,City,Talisay City,McKinley Baybay,10.716528,122.930271,19,2,1,0,Ongoing
DRRMO-20240914-7899,DRRMO,2024-09-14,12:58:14,Infrastructure Damage,Human-Induced Hazard,Incident Report,Fallen electric post/tree,Low,Negros Occidental - 3rd District,City,Talisay City,"Zone 16, Bubog",10.724497,123.001724,26,3,0,1088520,Resolved
DRRMO-20240918-0169,DRRMO,2024-09-18,21:35:17,Flood/Typhoon,Natural Hazard,Incident Report,Heavy monsoon rain,High,Negros Occidental - 3rd District,City,Talisay City,"Zone 16, Bubog",10.758278,122.953555,10,3,1,153226,Resolved
BFP-20240926-9288,BFP,2024-09-26,22:36:40,Medical Emergency,Human-Induced Hazard,Incident Report,Cardiac arrest,High,Negros Occidental - 3rd District,City,Talisay City,Concepcion,10.732173,122.971078,16,2,0,0,Resolved
DRRMO-20240927-2357,DRRMO,2024-09-27,12:41:31,Medical Emergency,Human-Induced Hazard,Incident Report,Stroke/seizure,Low,Negros Occidental - 3rd District,City,Talisay City,Zone 20,10.741762,122.923747,20,2,0,0,Resolved
BFP-20241002-8872,BFP,2024-10-02,18:03:09,Fire Incident,Human-Induced Hazard,Incident Report,Smoking / lighted cigarette,Low,Negros Occidental - 3rd District,City,Talisay City,Zone 17,10.7492,122.92967,4,3,0,1755481,Resolved
BFP-20241002-7768,BFP,2024-10-02,20:26:32,Fire Incident,Human-Induced Hazard,Incident Report,Unknown/undetermined,High,Negros Occidental - 3rd District,City,Talisay City,Cabatangan,10.763494,123.016714,30,2,0,0,False Alarm
DRRMO-20241008-0311,DRRMO,2024-10-08,10:30:39,Fire Incident,Human-Induced Hazard,Incident Report,Unknown/undetermined,Critical,Negros Occidental - 3rd District,City,Talisay City,"Zone 16, Bubog",10.774405,122.943066,14,3,0,1738820,Resolved
DRRMO-20241010-4056,DRRMO,2024-10-10,20:08:44,Fire Incident,Human-Induced Hazard,Incident Report,Electrical ignition/faulty wiring,Low,Negros Occidental - 3rd District,City,Talisay City,Zone 19,10.701279,122.934624,30,1,4,0,Resolved
DRRMO-20241020-0099,DRRMO,2024-10-20,08:00:44,Infrastructure Damage,Human-Induced Hazard,Incident Report,Road washout/damage,Low,Negros Occidental - 3rd District,City,Talisay City,San Isidro,10.737491,122.973669,7,1,0,16324,Resolved
BFP-20241025-4342,BFP,2024-10-25,02:30:54,Fire Incident,Human-Induced Hazard,Incident Report,Smoking / lighted cigarette,Low,Negros Occidental - 3rd District,City,Talisay City,Concepcion,10.71621,122.959747,29,4,1,1338382,Resolved
DRRMO-20241026-7162,DRRMO,2024-10-26,19:14:50,Infrastructure Damage,Natural Hazard,Incident Report,Building crack/structural risk,High,Negros Occidental - 3rd District,City,Talisay City,Cabatangan,10.736598,122.938857,34,2,0,1678453,Resolved
DRRMO-20241027-0145,DRRMO,2024-10-27,06:48:39,Other Emergency,Human-Induced Hazard,Incident Report,False alarm / unverified report,Low,Negros Occidental - 3rd District,City,Talisay City,"Zone 16, Bubog",10.730363,122.976133,9,3,0,0,Resolved
BFP-20241028-0133,BFP,2024-10-28,22:24:48,Fire Incident,Human-Induced Hazard,Incident Report,Unattended cooking / open flame,Low,Negros Occidental - 3rd District,City,Talisay City,Dos Hermanas,10.715246,122.973358,3,1,0,18184,Resolved
BFP-20241029-0694,BFP,2024-10-29,09:28:38,Fire Incident,Human-Induced Hazard,Incident Report,LPG tank leak,High,Negros Occidental - 3rd District,City,Talisay City,Bulanon,10.72622,122.988976,20,3,0,1386048,Ongoing
BFP-20241029-5621,BFP,2024-10-29,13:58:05,Fire Incident,Human-Induced Hazard,Incident Report,Candle / lighted lamp,High,Negros Occidental - 3rd District,City,Talisay City,Concepcion,10.760662,122.993015,25,2,0,219255,Resolved
DRRMO-20241031-3405,DRRMO,2024-10-31,18:27:19,Landslide,Natural Hazard,Incident Report,Prolonged heavy rainfall,High,Negros Occidental - 3rd District,City,Talisay City,Zone 20,10.742787,122.980963,23,1,0,933053,Resolved
DRRMO-20241102-9729,DRRMO,2024-11-02,15:50:04,Vehicular Accident,Human-Induced Hazard,Incident Report,Vehicle overturned,Low,Negros Occidental - 3rd District,City,Talisay City,McKinley Baybay,10.711394,122.944659,8,4,0,0,Resolved
BFP-20241106-0386,BFP,2024-11-06,12:28:22,Fire Incident,Human-Induced Hazard,Incident Report,Candle / lighted lamp,High,Negros Occidental - 3rd District,City,Talisay City,Katilingban,10.715356,122.933595,7,3,2,172467,Resolved
DRRMO-20241107-8851,DRRMO,2024-11-07,15:07:06,Landslide,Natural Hazard,Incident Report,Slope erosion,High,Negros Occidental - 3rd District,City,Talisay City,Efigenio Lizares,10.765417,122.933566,13,2,1,0,Ongoing
BFP-20241107-3202,BFP,2024-11-07,23:39:15,Fire Incident,Human-Induced Hazard,Incident Report,Arson (under investigation),Low,Negros Occidental - 3rd District,City,Talisay City,San Sebastian,10.721303,123.017186,17,1,0,1645230,Resolved
BFP-20241112-2325,BFP,2024-11-12,10:22:00,Chemical Leak,Human-Induced Hazard,Incident Report,Fuel spill,Critical,Negros Occidental - 3rd District,City,Talisay City,Dos Hermanas,10.763938,122.976632,8,3,0,0,Resolved
BFP-20241116-2827,BFP,2024-11-16,19:24:39,Fire Incident,Human-Induced Hazard,Incident Report,Unattended cooking / open flame,High,Negros Occidental - 3rd District,City,Talisay City,San Isidro,10.739895,122.954792,9,4,4,1340307,Resolved
DRRMO-20241117-1189,DRRMO,2024-11-17,07:16:25,Flood/Typhoon,Natural Hazard,Incident Report,Heavy monsoon rain,High,Negros Occidental - 3rd District,City,Talisay City,Dos Hermanas,10.747094,122.95,21,3,0,1501963,Resolved
BFP-20241118-2288,BFP,2024-11-18,06:41:31,Infrastructure Damage,Natural Hazard,Incident Report,Collapsed structure,Critical,Negros Occidental - 3rd District,City,Talisay City,San Isidro,10.765198,122.984285,7,1,0,1510575,Resolved
DRRMO-20241119-4531,DRRMO,2024-11-19,03:47:34,Other Emergency,Human-Induced Hazard,Incident Report,Animal rescue,High,Negros Occidental - 3rd District,City,Talisay City,Zone 17,10.748664,122.939154,11,2,1,0,Resolved
DRRMO-20241121-0168,DRRMO,2024-11-21,07:17:27,Vehicular Accident,Human-Induced Hazard,Incident Report,Motorcycle self-accident,High,Negros Occidental - 3rd District,City,Talisay City,Efigenio Lizares,10.74111,122.995557,14,2,0,0,Resolved
DRRMO-20241123-0402,DRRMO,2024-11-23,23:48:08,Flood/Typhoon,Natural Hazard,Incident Report,Typhoon/tropical storm rainfall,Low,Negros Occidental - 3rd District,City,Talisay City,Cabatangan,10.742322,122.959221,6,2,0,8773,Closed
BFP-20241129-9704,BFP,2024-11-29,12:17:52,Fire Incident,Human-Induced Hazard,Incident Report,Candle / lighted lamp,Critical,Negros Occidental - 3rd District,City,Talisay City,Zone 17,10.723399,122.931389,12,4,0,0,False Alarm
BFP-20241130-1342,BFP,2024-11-30,10:48:56,Fire Incident,Human-Induced Hazard,Incident Report,Unknown/undetermined,Low,Negros Occidental - 3rd District,City,Talisay City,San Isidro,10.713652,123.01512,8,1,0,953573,Closed
DRRMO-20241203-4923,DRRMO,2024-12-03,14:21:27,Other Emergency,Human-Induced Hazard,Incident Report,Power line hazard,Low,Negros Occidental - 3rd District,City,Talisay City,Zone 19,10.76,122.985104,22,4,0,0,Resolved
BFP-20241205-9287,BFP,2024-12-05,18:54:06,Fire Incident,Human-Induced Hazard,Incident Report,LPG tank leak,Low,Negros Occidental - 3rd District,City,Talisay City,"Zone 16, Bubog",10.768128,122.942977,8,1,0,1644956,Resolved
DRRMO-20241207-5725,DRRMO,2024-12-07,05:04:32,Infrastructure Damage,Human-Induced Hazard,Incident Report,Bridge damage,Low,Negros Occidental - 3rd District,City,Talisay City,Matab-ang,10.699692,122.970995,28,3,3,469670,Resolved
BFP-20241210-8752,BFP,2024-12-10,21:43:51,Fire Incident,Human-Induced Hazard,Incident Report,LPG tank leak,High,Negros Occidental - 3rd District,City,Talisay City,San Isidro,10.751555,123.004051,10,4,4,815492,Ongoing
BFP-20241215-7533,BFP,2024-12-15,00:54:26,Fire Incident,Human-Induced Hazard,Incident Report,Unattended cooking / open flame,High,Negros Occidental - 3rd District,City,Talisay City,Zone 19,10.731667,122.963352,20,4,0,1357996,Resolved
DRRMO-20241218-2115,DRRMO,2024-12-18,04:56:53,Other Emergency,Human-Induced Hazard,Incident Report,Animal rescue,Critical,Negros Occidental - 3rd District,City,Talisay City,Zone 17,10.736861,122.978779,17,4,0,0,Resolved
BFP-20241220-9209,BFP,2024-12-20,14:41:16,Fire Incident,Human-Induced Hazard,Incident Report,LPG tank leak,Critical,Negros Occidental - 3rd District,City,Talisay City,Bulanon,10.730722,122.940207,12,1,0,0,Ongoing
DRRMO-20241223-6143,DRRMO,2024-12-23,00:26:03,Infrastructure Damage,Human-Induced Hazard,Incident Report,Bridge damage,Low,Negros Occidental - 3rd District,City,Talisay City,San Isidro,10.732671,122.943578,12,2,2,1860203,Ongoing
DRRMO-20241224-9191,DRRMO,2024-12-24,17:23:07,Flood/Typhoon,Natural Hazard,Incident Report,Clogged drainage/canal overflow,High,Negros Occidental - 3rd District,City,Talisay City,Zone 17,10.713678,122.942616,21,2,2,226950,Resolved
BFP-20241231-0074,BFP,2024-12-31,00:31:55,Vehicular Accident,Human-Induced Hazard,Incident Report,Pedestrian hit,Low,Negros Occidental - 3rd District,City,Talisay City,Zone 20,10.74402,122.976766,6,1,0,0,Resolved
DRRMO-20250102-0201,DRRMO,2025-01-02,23:31:51,Flood/Typhoon,Natural Hazard,Incident Report,Clogged drainage/canal overflow,Low,Negros Occidental - 3rd District,City,Talisay City,"Zone 16, Bubog",10.741663,122.951819,8,1,0,19157,Resolved
DRRMO-20250104-7703,DRRMO,2025-01-04,02:33:34,Vehicular Accident,Human-Induced Hazard,Incident Report,Head-on collision,Low,Negros Occidental - 3rd District,City,Talisay City,"Zone 16, Bubog",10.756845,122.970762,8,1,0,0,Resolved
BFP-20250105-1857,BFP,2025-01-05,19:45:52,Infrastructure Damage,Natural Hazard,Incident Report,Fallen electric post/tree,High,Negros Occidental - 3rd District,City,Talisay City,Concepcion,10.746194,122.961461,35,3,0,335002,Resolved
DRRMO-20250116-6731,DRRMO,2025-01-16,04:35:03,Fire Incident,Human-Induced Hazard,Incident Report,Electrical ignition/faulty wiring,High,Negros Occidental - 3rd District,City,Talisay City,Zone 20,10.771313,122.976168,5,1,1,0,Resolved
DRRMO-20250117-6705,DRRMO,2025-01-17,22:06:02,Vehicular Accident,Human-Induced Hazard,Incident Report,Pedestrian hit,Low,Negros Occidental - 3rd District,City,Talisay City,Dos Hermanas,10.731856,123.002184,23,3,0,0,Resolved
DRRMO-20250118-0125,DRRMO,2025-01-18,05:57:22,Medical Emergency,Human-Induced Hazard,Incident Report,Drowning,Low,Negros Occidental - 3rd District,City,Talisay City,Efigenio Lizares,10.749105,122.948337,14,1,0,0,Resolved
BFP-20250119-1772,BFP,2025-01-19,20:16:49,Fire Incident,Human-Induced Hazard,Incident Report,Smoking / lighted cigarette,Low,Negros Occidental - 3rd District,City,Talisay City,"Zone 16, Bubog",10.742966,122.979392,6,3,0,0,Resolved
DRRMO-20250124-3847,DRRMO,2025-01-24,10:40:45,Medical Emergency,Human-Induced Hazard,Incident Report,Difficulty breathing,Low,Negros Occidental - 3rd District,City,Talisay City,Zone 17,10.731476,122.974102,13,3,0,0,Resolved
BFP-20250129-2451,BFP,2025-01-29,04:06:01,Other Emergency,Human-Induced Hazard,Incident Report,Water rescue (non-flood),Low,Negros Occidental - 3rd District,City,Talisay City,Efigenio Lizares,10.73443,123.010934,21,1,0,0,Resolved
DRRMO-20250129-3416,DRRMO,2025-01-29,14:15:47,Medical Emergency,Human-Induced Hazard,Incident Report,Drowning,Low,Negros Occidental - 3rd District,City,Talisay City,Cabatangan,10.70693,122.993532,15,1,1,0,Closed
DRRMO-20250201-2779,DRRMO,2025-02-01,02:46:57,Flood/Typhoon,Natural Hazard,Incident Report,Clogged drainage/canal overflow,High,Negros Occidental - 3rd District,City,Talisay City,"Zone 16, Bubog",10.766943,123.017817,28,3,0,867822,Resolved
BFP-20250201-5879,BFP,2025-02-01,11:59:53,Fire Incident,Human-Induced Hazard,Incident Report,Arson (under investigation),High,Negros Occidental - 3rd District,City,Talisay City,Zone 19,10.704766,122.943655,27,2,0,0,Resolved
DRRMO-20250201-2839,DRRMO,2025-02-01,13:38:08,Infrastructure Damage,Human-Induced Hazard,Incident Report,Fallen electric post/tree,High,Negros Occidental - 3rd District,City,Talisay City,Zone 20,10.722615,122.938575,18,2,3,1076277,Resolved
BFP-20250209-1045,BFP,2025-02-09,08:52:00,Fire Incident,Human-Induced Hazard,Incident Report,Unknown/undetermined,High,Negros Occidental - 3rd District,City,Talisay City,Bulanon,10.708522,122.927303,4,4,0,45655,Resolved
BFP-20250212-0333,BFP,2025-02-12,00:48:22,Fire Incident,Human-Induced Hazard,Incident Report,Unknown/undetermined,Critical,Negros Occidental - 3rd District,City,Talisay City,San Isidro,10.693515,122.979588,18,3,2,734389,Resolved
DRRMO-20250214-0372,DRRMO,2025-02-14,15:24:16,Other Emergency,Human-Induced Hazard,Incident Report,Animal rescue,Low,Negros Occidental - 3rd District,City,Talisay City,Cabatangan,10.723835,122.949885,13,2,0,0,Resolved
DRRMO-20250216-5363,DRRMO,2025-02-16,16:47:17,Medical Emergency,Human-Induced Hazard,Incident Report,Fall/physical injury,High,Negros Occidental - 3rd District,City,Talisay City,Bulanon,10.769589,122.956907,15,2,1,0,Resolved
BFP-20250219-9955,BFP,2025-02-19,11:32:51,Medical Emergency,Human-Induced Hazard,Incident Report,Drowning,Low,Negros Occidental - 3rd District,City,Talisay City,Bulanon,10.74775,123.015279,4,1,0,0,Ongoing
DRRMO-20250219-4834,DRRMO,2025-02-19,21:32:59,Other Emergency,Human-Induced Hazard,Incident Report,Search and rescue,High,Negros Occidental - 3rd District,City,Talisay City,Bulanon,10.755436,122.989029,6,4,0,0,Resolved
BFP-20250223-1572,BFP,2025-02-23,22:35:46,Fire Incident,Human-Induced Hazard,Incident Report,Unknown/undetermined,High,Negros Occidental - 3rd District,City,Talisay City,Bulanon,10.735911,122.98606,16,2,3,398425,Resolved
DRRMO-20250226-0148,DRRMO,2025-02-26,20:22:31,Flood/Typhoon,Natural Hazard,Incident Report,Heavy monsoon rain,Critical,Negros Occidental - 3rd District,City,Talisay City,Efigenio Lizares,10.70964,122.973815,20,2,0,1184525,Resolved
DRRMO-20250227-9569,DRRMO,2025-02-27,01:36:55,Flood/Typhoon,Natural Hazard,Incident Report,River overflow (Imbang/Malijao river system),Critical,Negros Occidental - 3rd District,City,Talisay City,Efigenio Lizares,10.753006,122.921622,29,3,0,0,Resolved
BFP-20250228-0113,BFP,2025-02-28,13:28:04,Fire Incident,Human-Induced Hazard,Incident Report,Candle / lighted lamp,Low,Negros Occidental - 3rd District,City,Talisay City,Efigenio Lizares,10.721068,122.937564,7,1,0,17554,Resolved
BFP-20250302-7370,BFP,2025-03-02,17:33:08,Fire Incident,Human-Induced Hazard,Incident Report,Candle / lighted lamp,Low,Negros Occidental - 3rd District,City,Talisay City,San Isidro,10.710643,122.940334,7,4,0,0,Closed
BFP-20250303-7539,BFP,2025-03-03,09:07:25,Fire Incident,Human-Induced Hazard,Incident Report,LPG tank leak,Critical,Negros Occidental - 3rd District,City,Talisay City,Cabatangan,10.772127,122.937187,21,4,0,0,Closed
DRRMO-20250307-0270,DRRMO,2025-03-07,17:32:45,Flood/Typhoon,Natural Hazard,Incident Report,Typhoon/tropical storm rainfall,Low,Negros Occidental - 3rd District,City,Talisay City,Cabatangan,10.779326,122.973181,5,1,0,3939,Resolved
BFP-20250309-0048,BFP,2025-03-09,14:50:41,Fire Incident,Human-Induced Hazard,Incident Report,Unknown/undetermined,Critical,Negros Occidental - 3rd District,City,Talisay City,Zone 20,10.732324,122.999834,12,2,0,832646,Resolved
DRRMO-20250310-0301,DRRMO,2025-03-10,15:51:00,Vehicular Accident,Human-Induced Hazard,Incident Report,Multi-vehicle collision,High,Negros Occidental - 3rd District,City,Talisay City,San Isidro,10.731183,122.961896,10,2,0,0,Closed
BFP-20250313-0591,BFP,2025-03-13,17:00:07,Fire Incident,Human-Induced Hazard,Incident Report,Arson (under investigation),Low,Negros Occidental - 3rd District,City,Talisay City,Concepcion,10.770329,122.989102,11,2,0,0,Resolved
BFP-20250317-0839,BFP,2025-03-17,04:56:16,Fire Incident,Human-Induced Hazard,Incident Report,Unknown/undetermined,High,Negros Occidental - 3rd District,City,Talisay City,Bulanon,10.721091,122.960325,23,4,0,225437,Closed
BFP-20250324-9087,BFP,2025-03-24,17:45:19,Fire Incident,Human-Induced Hazard,Incident Report,Unattended cooking / open flame,High,Negros Occidental - 3rd District,City,Talisay City,Zone 20,10.773628,123.00071,14,1,0,330819,Resolved
DRRMO-20250330-0004,DRRMO,2025-03-30,02:01:54,Flood/Typhoon,Natural Hazard,Incident Report,River overflow (Imbang/Malijao river system),Low,Negros Occidental - 3rd District,City,Talisay City,Dos Hermanas,10.73248,122.989406,7,1,0,15382,Resolved
BFP-20250330-0338,BFP,2025-03-30,19:45:50,Fire Incident,Human-Induced Hazard,Incident Report,Electrical ignition/faulty wiring,Low,Negros Occidental - 3rd District,City,Talisay City,Dos Hermanas,10.693209,122.955408,7,1,0,12129,Resolved
BFP-20250331-9089,BFP,2025-03-31,11:48:17,Fire Incident,Human-Induced Hazard,Incident Report,LPG tank leak,High,Negros Occidental - 3rd District,City,Talisay City,Concepcion,10.701263,122.938739,13,3,1,0,Resolved
BFP-20250402-0340,BFP,2025-04-02,18:05:39,Fire Incident,Human-Induced Hazard,Incident Report,Unattended cooking / open flame,High,Negros Occidental - 3rd District,City,Talisay City,San Sebastian,10.747486,122.954337,9,1,1,183912,Resolved
DRRMO-20250408-8976,DRRMO,2025-04-08,04:08:26,Flood/Typhoon,Natural Hazard,Incident Report,River overflow (Imbang/Malijao river system),Critical,Negros Occidental - 3rd District,City,Talisay City,Zone 20,10.749501,122.994843,11,4,0,0,Closed
BFP-20250409-0106,BFP,2025-04-09,22:11:59,Fire Incident,Human-Induced Hazard,Incident Report,Electrical ignition/faulty wiring,Low,Negros Occidental - 3rd District,City,Talisay City,McKinley Baybay,10.726983,122.920013,3,1,0,12973,Resolved
BFP-20250410-0305,BFP,2025-04-10,07:14:40,Infrastructure Damage,Human-Induced Hazard,Incident Report,Collapsed structure,High,Negros Occidental - 3rd District,City,Talisay City,Efigenio Lizares,10.761841,122.992713,11,1,0,176637,Resolved
DRRMO-20250412-9418,DRRMO,2025-04-12,09:12:24,Vehicular Accident,Human-Induced Hazard,Incident Report,Pedestrian hit,Low,Negros Occidental - 3rd District,City,Talisay City,Zone 19,10.731073,122.943721,23,4,0,0,Resolved
BFP-20250413-3964,BFP,2025-04-13,02:07:53,Fire Incident,Human-Induced Hazard,Incident Report,LPG tank leak,Low,Negros Occidental - 3rd District,City,Talisay City,San Sebastian,10.740723,122.921644,4,2,0,0,Resolved
BFP-20250413-0140,BFP,2025-04-13,11:04:24,Fire Incident,Human-Induced Hazard,Incident Report,Unknown/undetermined,Critical,Negros Occidental - 3rd District,City,Talisay City,Zone 20,10.773387,122.942775,18,3,0,0,Closed
DRRMO-20250415-1677,DRRMO,2025-04-15,08:13:29,Landslide,Natural Hazard,Incident Report,Slope erosion,Low,Negros Occidental - 3rd District,City,Talisay City,Katilingban,10.747562,123.002431,13,2,0,735896,Resolved
DRRMO-20250415-4332,DRRMO,2025-04-15,17:21:34,Flood/Typhoon,Natural Hazard,Incident Report,Clogged drainage/canal overflow,High,Negros Occidental - 3rd District,City,Talisay City,McKinley Baybay,10.747449,123.006765,24,4,0,363189,Resolved
BFP-20250415-0520,BFP,2025-04-15,18:15:44,Fire Incident,Human-Induced Hazard,Incident Report,Smoking / lighted cigarette,High,Negros Occidental - 3rd District,City,Talisay City,Efigenio Lizares,10.715498,123.002806,14,3,0,851501,Resolved
DRRMO-20250416-5925,DRRMO,2025-04-16,10:44:00,Fire Incident,Human-Induced Hazard,Incident Report,Candle / lighted lamp,Low,Negros Occidental - 3rd District,City,Talisay City,Cabatangan,10.747299,122.957943,30,2,0,1086754,Resolved
BFP-20250419-9885,BFP,2025-04-19,08:54:07,Fire Incident,Human-Induced Hazard,Incident Report,Smoking / lighted cigarette,High,Negros Occidental - 3rd District,City,Talisay City,Concepcion,10.703397,122.988605,6,3,0,646568,Resolved
DRRMO-20250419-4367,DRRMO,2025-04-19,22:50:02,Medical Emergency,Human-Induced Hazard,Incident Report,Stroke/seizure,High,Negros Occidental - 3rd District,City,Talisay City,McKinley Baybay,10.696819,122.995057,12,2,0,0,Resolved
BFP-20250423-3945,BFP,2025-04-23,15:56:19,Fire Incident,Human-Induced Hazard,Incident Report,LPG tank leak,Critical,Negros Occidental - 3rd District,City,Talisay City,San Sebastian,10.69197,123.014523,13,3,2,1079456,Resolved
DRRMO-20250424-9132,DRRMO,2025-04-24,02:09:48,Infrastructure Damage,Human-Induced Hazard,Incident Report,Fallen electric post/tree,Low,Negros Occidental - 3rd District,City,Talisay City,Efigenio Lizares,10.763112,122.992422,33,2,0,246528,Resolved
BFP-20250424-0956,BFP,2025-04-24,20:03:23,Fire Incident,Human-Induced Hazard,Incident Report,Electrical short circuit,Low,Negros Occidental - 3rd District,City,Talisay City,"Zone 16, Bubog",10.753196,123.009043,9,4,0,0,Closed
DRRMO-20250425-4558,DRRMO,2025-04-25,15:55:10,Flood/Typhoon,Natural Hazard,Incident Report,Typhoon/tropical storm rainfall,High,Negros Occidental - 3rd District,City,Talisay City,Concepcion,10.753872,122.952063,4,1,0,1780158,Ongoing
BFP-20250427-2980,BFP,2025-04-27,15:10:14,Chemical Leak,Human-Induced Hazard,Incident Report,Fuel spill,Critical,Negros Occidental - 3rd District,City,Talisay City,Zone 19,10.724915,122.934271,9,4,0,0,Ongoing
DRRMO-20250427-1342,DRRMO,2025-04-27,17:51:42,Flood/Typhoon,Natural Hazard,Incident Report,Typhoon/tropical storm rainfall,High,Negros Occidental - 3rd District,City,Talisay City,Zone 19,10.708565,122.944747,22,3,0,0,Resolved
BFP-20250511-0225,BFP,2025-05-11,03:01:40,Fire Incident,Human-Induced Hazard,Incident Report,Candle / lighted lamp,High,Negros Occidental - 3rd District,City,Talisay City,Zone 20,10.757942,122.990978,20,2,0,1464336,Resolved
DRRMO-20250511-8057,DRRMO,2025-05-11,04:12:52,Other Emergency,Human-Induced Hazard,Incident Report,Search and rescue,Low,Negros Occidental - 3rd District,City,Talisay City,San Isidro,10.771925,122.970544,4,3,0,0,Resolved
BFP-20250515-0087,BFP,2025-05-15,01:30:38,Fire Incident,Human-Induced Hazard,Incident Report,Unattended cooking / open flame,Critical,Negros Occidental - 3rd District,City,Talisay City,"Zone 16, Bubog",10.722555,122.995284,18,2,1,1455700,Resolved
DRRMO-20250517-3013,DRRMO,2025-05-17,18:35:22,Infrastructure Damage,Natural Hazard,Incident Report,Building crack/structural risk,Critical,Negros Occidental - 3rd District,City,Talisay City,Concepcion,10.756643,122.951786,23,3,5,636567,Resolved
BFP-20250521-0343,BFP,2025-05-21,13:39:39,Fire Incident,Human-Induced Hazard,Incident Report,Unattended cooking / open flame,Critical,Negros Occidental - 3rd District,City,Talisay City,Dos Hermanas,10.714579,122.98099,13,4,1,1629587,Resolved
BFP-20250524-1490,BFP,2025-05-24,23:41:01,Fire Incident,Human-Induced Hazard,Incident Report,LPG tank leak,Low,Negros Occidental - 3rd District,City,Talisay City,Concepcion,10.724292,122.923583,28,4,4,248946,Resolved
DRRMO-20250525-7385,DRRMO,2025-05-25,13:13:26,Other Emergency,Human-Induced Hazard,Incident Report,Water rescue (non-flood),Low,Negros Occidental - 3rd District,City,Talisay City,Bulanon,10.753937,122.956508,22,3,0,0,Resolved
DRRMO-20250527-0154,DRRMO,2025-05-27,17:26:48,Other Emergency,Human-Induced Hazard,Incident Report,Power line hazard,Low,Negros Occidental - 3rd District,City,Talisay City,San Isidro,10.710078,122.978249,5,1,0,0,Ongoing
DRRMO-20250530-9549,DRRMO,2025-05-30,17:44:40,Infrastructure Damage,Natural Hazard,Incident Report,Collapsed structure,Critical,Negros Occidental - 3rd District,City,Talisay City,McKinley Baybay,10.75038,122.996078,11,3,0,0,Resolved
DRRMO-20250531-5164,DRRMO,2025-05-31,10:42:10,Medical Emergency,Human-Induced Hazard,Incident Report,Cardiac arrest,High,Negros Occidental - 3rd District,City,Talisay City,"Zone 16, Bubog",10.774867,122.964301,8,1,0,0,False Alarm
DRRMO-20250605-4280,DRRMO,2025-06-05,12:43:53,Flood/Typhoon,Natural Hazard,Incident Report,Typhoon/tropical storm rainfall,Low,Negros Occidental - 3rd District,City,Talisay City,"Zone 16, Bubog",10.718148,122.92276,30,1,0,1345284,Resolved
DRRMO-20250611-1587,DRRMO,2025-06-11,17:06:20,Flood/Typhoon,Natural Hazard,Incident Report,Heavy monsoon rain,Critical,Negros Occidental - 3rd District,City,Talisay City,Efigenio Lizares,10.72965,122.946747,30,3,0,777079,Resolved
BFP-20250616-8281,BFP,2025-06-16,13:44:57,Fire Incident,Human-Induced Hazard,Incident Report,LPG tank leak,Low,Negros Occidental - 3rd District,City,Talisay City,McKinley Baybay,10.728969,122.99479,25,3,2,0,False Alarm
DRRMO-20250618-0236,DRRMO,2025-06-18,02:06:07,Landslide,Natural Hazard,Incident Report,Prolonged heavy rainfall,Low,Negros Occidental - 3rd District,City,Talisay City,"Zone 16, Bubog",10.73892,122.982363,5,1,0,15845,Resolved
DRRMO-20250622-7693,DRRMO,2025-06-22,14:00:46,Flood/Typhoon,Natural Hazard,Incident Report,River overflow (Imbang/Malijao river system),Low,Negros Occidental - 3rd District,City,Talisay City,Dos Hermanas,10.724848,122.985478,13,1,0,0,Ongoing
BFP-20250623-0130,BFP,2025-06-23,04:11:22,Fire Incident,Human-Induced Hazard,Incident Report,Arson (under investigation),Low,Negros Occidental - 3rd District,City,Talisay City,Cabatangan,10.72965,122.942113,3,1,0,10120,Closed
DRRMO-20250627-3854,DRRMO,2025-06-27,05:03:32,Fire Incident,Human-Induced Hazard,Incident Report,Electrical short circuit,High,Negros Occidental - 3rd District,City,Talisay City,Concepcion,10.762364,122.926852,26,3,4,1788283,Resolved
DRRMO-20250705-7323,DRRMO,2025-07-05,05:49:18,Flood/Typhoon,Natural Hazard,Incident Report,Storm surge,Low,Negros Occidental - 3rd District,City,Talisay City,McKinley Baybay,10.717633,122.971044,22,2,0,0,Closed
DRRMO-20250705-5286,DRRMO,2025-07-05,12:12:33,Flood/Typhoon,Natural Hazard,Incident Report,Typhoon/tropical storm rainfall,High,Negros Occidental - 3rd District,City,Talisay City,Matab-ang,10.732292,122.975147,22,2,0,2028288,Resolved
DRRMO-20250709-8626,DRRMO,2025-07-09,09:11:31,Landslide,Natural Hazard,Incident Report,Slope erosion,Critical,Negros Occidental - 3rd District,City,Talisay City,Cabatangan,10.697672,122.943262,22,1,0,1036874,Resolved
BFP-20250717-3873,BFP,2025-07-17,03:03:41,Fire Incident,Human-Induced Hazard,Incident Report,Candle / lighted lamp,Low,Negros Occidental - 3rd District,City,Talisay City,"Zone 16, Bubog",10.761062,123.0169,30,1,0,0,Resolved
BFP-20250717-2853,BFP,2025-07-17,17:18:57,Fire Incident,Human-Induced Hazard,Incident Report,Unattended cooking / open flame,Critical,Negros Occidental - 3rd District,City,Talisay City,Katilingban,10.762366,122.991181,5,3,0,0,Resolved
BFP-20250719-5893,BFP,2025-07-19,10:49:18,Chemical Leak,Human-Induced Hazard,Incident Report,Fuel spill,Low,Negros Occidental - 3rd District,City,Talisay City,San Isidro,10.729631,122.984872,9,4,0,0,Resolved
BFP-20250729-4713,BFP,2025-07-29,07:47:41,Fire Incident,Human-Induced Hazard,Incident Report,Arson (under investigation),High,Negros Occidental - 3rd District,City,Talisay City,"Zone 16, Bubog",10.723055,122.971092,17,1,0,0,Resolved
DRRMO-20250731-4337,DRRMO,2025-07-31,01:52:55,Other Emergency,Human-Induced Hazard,Incident Report,Animal rescue,High,Negros Occidental - 3rd District,City,Talisay City,Cabatangan,10.696904,123.014855,8,3,0,0,Resolved
DRRMO-20250731-5180,DRRMO,2025-07-31,18:28:43,Flood/Typhoon,Natural Hazard,Incident Report,Typhoon/tropical storm rainfall,Low,Negros Occidental - 3rd District,City,Talisay City,Zone 20,10.744654,123.018653,7,1,2,0,Resolved
DRRMO-20250804-9266,DRRMO,2025-08-04,01:11:38,Flood/Typhoon,Natural Hazard,Incident Report,Typhoon/tropical storm rainfall,Low,Negros Occidental - 3rd District,City,Talisay City,McKinley Baybay,10.768288,123.016753,21,4,0,0,Resolved
DRRMO-20250811-5571,DRRMO,2025-08-11,00:16:11,Landslide,Natural Hazard,Incident Report,Slope erosion,Critical,Negros Occidental - 3rd District,City,Talisay City,San Isidro,10.73303,122.975863,12,1,0,851758,Resolved
BFP-20250812-2348,BFP,2025-08-12,10:36:38,Fire Incident,Human-Induced Hazard,Incident Report,LPG tank leak,High,Negros Occidental - 3rd District,City,Talisay City,Zone 17,10.747165,122.952067,27,1,3,1534103,Ongoing
DRRMO-20250814-3765,DRRMO,2025-08-14,11:49:45,Flood/Typhoon,Natural Hazard,Incident Report,Heavy monsoon rain,High,Negros Occidental - 3rd District,City,Talisay City,San Isidro,10.752542,123.0055,16,4,2,643098,Closed
DRRMO-20250820-7795,DRRMO,2025-08-20,22:36:52,Flood/Typhoon,Natural Hazard,Incident Report,Typhoon/tropical storm rainfall,High,Negros Occidental - 3rd District,City,Talisay City,Efigenio Lizares,10.719169,122.991337,11,4,0,0,False Alarm
DRRMO-20250824-9240,DRRMO,2025-08-24,04:48:52,Flood/Typhoon,Natural Hazard,Incident Report,Clogged drainage/canal overflow,Low,Negros Occidental - 3rd District,City,Talisay City,Bulanon,10.759777,123.012887,24,1,2,434442,Resolved
BFP-20250827-0120,BFP,2025-08-27,03:22:47,Fire Incident,Human-Induced Hazard,Incident Report,Electrical short circuit,Low,Negros Occidental - 3rd District,City,Talisay City,Zone 20,10.708453,123.001018,8,1,0,20297,Closed
DRRMO-20250830-0086,DRRMO,2025-08-30,12:50:25,Chemical Leak,Human-Induced Hazard,Incident Report,Fuel spill,High,Negros Occidental - 3rd District,City,Talisay City,Dos Hermanas,10.74355,122.985034,10,1,0,0,Resolved
BFP-20250831-9313,BFP,2025-08-31,02:33:56,Fire Incident,Human-Induced Hazard,Incident Report,LPG tank leak,Low,Negros Occidental - 3rd District,City,Talisay City,Cabatangan,10.773885,123.013392,10,4,0,1338155,Closed
DRRMO-20250831-1167,DRRMO,2025-08-31,15:18:02,Other Emergency,Human-Induced Hazard,Incident Report,Power line hazard,Low,Negros Occidental - 3rd District,City,Talisay City,Efigenio Lizares,10.714489,122.948272,3,4,0,0,Resolved
BFP-20250901-8977,BFP,2025-09-01,10:48:57,Fire Incident,Human-Induced Hazard,Incident Report,Unknown/undetermined,Critical,Negros Occidental - 3rd District,City,Talisay City,San Sebastian,10.742075,122.991927,7,4,0,0,Resolved
BFP-20250901-0400,BFP,2025-09-01,23:13:09,Fire Incident,Human-Induced Hazard,Incident Report,Unknown/undetermined,Low,Negros Occidental - 3rd District,City,Talisay City,San Sebastian,10.745077,122.948551,9,1,0,11199,Resolved
DRRMO-20250905-6015,DRRMO,2025-09-05,17:10:04,Other Emergency,Human-Induced Hazard,Incident Report,Water rescue (non-flood),High,Negros Occidental - 3rd District,City,Talisay City,"Zone 16, Bubog",10.703177,122.949567,17,3,0,0,Resolved
BFP-20250907-4943,BFP,2025-09-07,19:46:38,Other Emergency,Human-Induced Hazard,Incident Report,Search and rescue,Low,Negros Occidental - 3rd District,City,Talisay City,Katilingban,10.756212,122.989048,11,1,0,0,Resolved
DRRMO-20250911-8463,DRRMO,2025-09-11,20:05:12,Chemical Leak,Human-Induced Hazard,Incident Report,Industrial/sugar-mill chemical spill,High,Negros Occidental - 3rd District,City,Talisay City,San Sebastian,10.707968,123.002397,13,3,0,0,Resolved
DRRMO-20250919-4774,DRRMO,2025-09-19,18:25:54,Infrastructure Damage,Human-Induced Hazard,Incident Report,Fallen electric post/tree,High,Negros Occidental - 3rd District,City,Talisay City,Concepcion,10.696725,122.954363,13,3,0,1328876,Resolved
DRRMO-20250919-3081,DRRMO,2025-09-19,22:43:17,Flood/Typhoon,Natural Hazard,Incident Report,River overflow (Imbang/Malijao river system),Low,Negros Occidental - 3rd District,City,Talisay City,Katilingban,10.745119,122.973194,23,2,0,0,Resolved
BFP-20250924-2713,BFP,2025-09-24,04:38:24,Fire Incident,Human-Induced Hazard,Incident Report,Unattended cooking / open flame,High,Negros Occidental - 3rd District,City,Talisay City,Dos Hermanas,10.703791,123.003135,19,1,0,0,Resolved
BFP-20250925-0269,BFP,2025-09-25,09:55:06,Medical Emergency,Human-Induced Hazard,Incident Report,Drowning,High,Negros Occidental - 3rd District,City,Talisay City,Cabatangan,10.73689,122.961751,15,2,0,0,Resolved
DRRMO-20250926-2415,DRRMO,2025-09-26,10:05:52,Flood/Typhoon,Natural Hazard,Incident Report,Heavy monsoon rain,Critical,Negros Occidental - 3rd District,City,Talisay City,Zone 17,10.709964,122.951042,8,1,0,0,Closed
DRRMO-20250928-4199,DRRMO,2025-09-28,04:15:08,Flood/Typhoon,Natural Hazard,Incident Report,Storm surge,Low,Negros Occidental - 3rd District,City,Talisay City,San Sebastian,10.746904,122.976397,4,1,0,42739,Ongoing
BFP-20250930-9547,BFP,2025-09-30,18:33:50,Fire Incident,Human-Induced Hazard,Incident Report,Unattended cooking / open flame,Low,Negros Occidental - 3rd District,City,Talisay City,San Isidro,10.699564,122.934964,11,4,0,1468870,Resolved
DRRMO-20250930-5556,DRRMO,2025-09-30,21:39:07,Other Emergency,Human-Induced Hazard,Incident Report,Search and rescue,Low,Negros Occidental - 3rd District,City,Talisay City,Dos Hermanas,10.772882,122.95939,20,3,0,0,Resolved
DRRMO-20251017-0272,DRRMO,2025-10-17,09:13:34,Medical Emergency,Human-Induced Hazard,Incident Report,Fall/physical injury,Low,Negros Occidental - 3rd District,City,Talisay City,"Zone 16, Bubog",10.690743,122.973767,3,1,0,0,Resolved
BFP-20251020-5884,BFP,2025-10-20,16:15:40,Vehicular Accident,Human-Induced Hazard,Incident Report,Head-on collision,Low,Negros Occidental - 3rd District,City,Talisay City,Zone 17,10.736211,122.921953,15,2,0,0,Resolved
DRRMO-20251022-0227,DRRMO,2025-10-22,09:22:47,Other Emergency,Human-Induced Hazard,Incident Report,False alarm / unverified report,High,Negros Occidental - 3rd District,City,Talisay City,Concepcion,10.7283,122.944008,4,1,0,0,Resolved
DRRMO-20251022-0054,DRRMO,2025-10-22,18:24:27,Infrastructure Damage,Natural Hazard,Incident Report,Fallen electric post/tree,Low,Negros Occidental - 3rd District,City,Talisay City,"Zone 16, Bubog",10.743282,122.96953,9,1,0,18504,Resolved
BFP-20251022-1616,BFP,2025-10-22,21:41:25,Other Emergency,Human-Induced Hazard,Incident Report,Power line hazard,High,Negros Occidental - 3rd District,City,Talisay City,Zone 17,10.718186,122.999623,23,1,0,0,Resolved
DRRMO-20251023-0612,DRRMO,2025-10-23,01:58:49,Chemical Leak,Human-Induced Hazard,Incident Report,Gas leak (non-fire),Critical,Negros Occidental - 3rd District,City,Talisay City,Concepcion,10.745445,122.943222,9,3,0,0,Resolved
BFP-20251114-0235,BFP,2025-11-14,02:17:30,Fire Incident,Human-Induced Hazard,Incident Report,LPG tank leak,High,Negros Occidental - 3rd District,City,Talisay City,"Zone 16, Bubog",10.724375,122.993832,10,1,1,142493,Resolved
DRRMO-20251116-4073,DRRMO,2025-11-16,10:33:33,Flood/Typhoon,Natural Hazard,Incident Report,Clogged drainage/canal overflow,Low,Negros Occidental - 3rd District,City,Talisay City,Bulanon,10.749549,122.929524,23,3,1,0,Resolved
DRRMO-20251117-0033,DRRMO,2025-11-17,17:22:12,Flood/Typhoon,Natural Hazard,Incident Report,Clogged drainage/canal overflow,High,Negros Occidental - 3rd District,City,Talisay City,Katilingban,10.740785,122.959029,13,1,1,173795,Resolved
DRRMO-20251118-7384,DRRMO,2025-11-18,20:15:06,Flood/Typhoon,Natural Hazard,Incident Report,Storm surge,Low,Negros Occidental - 3rd District,City,Talisay City,Katilingban,10.742659,123.010012,21,4,0,0,Resolved
BFP-20251120-0437,BFP,2025-11-20,03:26:37,Fire Incident,Human-Induced Hazard,Incident Report,Electrical ignition/faulty wiring,High,Negros Occidental - 3rd District,City,Talisay City,Katilingban,10.757724,122.992532,21,3,0,694659,Resolved
DRRMO-20251123-0023,DRRMO,2025-11-23,06:25:08,Landslide,Natural Hazard,Incident Report,Prolonged heavy rainfall,Low,Negros Occidental - 3rd District,City,Talisay City,Dos Hermanas,10.715842,122.916152,12,1,0,15282,Resolved
DRRMO-20251128-3611,DRRMO,2025-11-28,14:57:37,Landslide,Natural Hazard,Incident Report,Slope erosion,High,Negros Occidental - 3rd District,City,Talisay City,Zone 19,10.692325,122.931627,16,2,0,966874,Resolved
DRRMO-20251202-0009,DRRMO,2025-12-02,16:00:26,Medical Emergency,Human-Induced Hazard,Incident Report,Cardiac arrest,Low,Negros Occidental - 3rd District,City,Talisay City,Efigenio Lizares,10.733164,122.981678,3,1,0,0,Resolved
BFP-20251205-8784,BFP,2025-12-05,10:26:23,Fire Incident,Human-Induced Hazard,Incident Report,Arson (under investigation),High,Negros Occidental - 3rd District,City,Talisay City,Concepcion,10.703156,122.985158,21,1,0,430794,Ongoing
DRRMO-20251207-0961,DRRMO,2025-12-07,15:51:26,Landslide,Natural Hazard,Incident Report,Slope erosion,High,Negros Occidental - 3rd District,City,Talisay City,Matab-ang,10.765321,122.936678,16,2,0,813504,Resolved
DRRMO-20251207-4481,DRRMO,2025-12-07,22:31:20,Other Emergency,Human-Induced Hazard,Incident Report,Water rescue (non-flood),Low,Negros Occidental - 3rd District,City,Talisay City,San Sebastian,10.719648,123.01337,12,3,0,0,Ongoing
DRRMO-20251209-5274,DRRMO,2025-12-09,18:11:46,Landslide,Natural Hazard,Incident Report,Quarrying-related instability,High,Negros Occidental - 3rd District,City,Talisay City,Zone 19,10.700912,122.958741,17,2,0,376220,Resolved
BFP-20251210-0296,BFP,2025-12-10,20:08:33,Vehicular Accident,Human-Induced Hazard,Incident Report,Head-on collision,Low,Negros Occidental - 3rd District,City,Talisay City,Katilingban,10.696709,122.973339,5,2,0,0,Closed
BFP-20251211-7057,BFP,2025-12-11,09:57:01,Other Emergency,Human-Induced Hazard,Incident Report,Water rescue (non-flood),Low,Negros Occidental - 3rd District,City,Talisay City,Cabatangan,10.717572,122.925612,23,1,0,0,Resolved
BFP-20251213-4194,BFP,2025-12-13,04:48:45,Fire Incident,Human-Induced Hazard,Incident Report,Unattended cooking / open flame,High,Negros Occidental - 3rd District,City,Talisay City,San Sebastian,10.728131,122.920525,7,1,0,0,Ongoing
DRRMO-20251216-0206,DRRMO,2025-12-16,11:19:36,Flood/Typhoon,Natural Hazard,Incident Report,Storm surge,Critical,Negros Occidental - 3rd District,City,Talisay City,Cabatangan,10.749699,122.997148,11,2,1,959066,Resolved
DRRMO-20251228-3997,DRRMO,2025-12-28,03:01:54,Flood/Typhoon,Natural Hazard,Incident Report,Heavy monsoon rain,High,Negros Occidental - 3rd District,City,Talisay City,McKinley Baybay,10.745077,122.987714,25,4,0,1699083,Resolved
DRRMO-20251229-0073,DRRMO,2025-12-29,23:41:41,Fire Incident,Human-Induced Hazard,Incident Report,Electrical short circuit,High,Negros Occidental - 3rd District,City,Talisay City,Katilingban,10.744282,122.950134,13,2,0,194264,Resolved
BFP-20251230-7864,BFP,2025-12-30,23:41:27,Fire Incident,Human-Induced Hazard,Incident Report,Smoking / lighted cigarette,Low,Negros Occidental - 3rd District,City,Talisay City,Katilingban,10.761409,122.933431,16,2,2,0,Resolved
DRRMO-20251231-3789,DRRMO,2025-12-31,09:15:17,Flood/Typhoon,Natural Hazard,Incident Report,River overflow (Imbang/Malijao river system),High,Negros Occidental - 3rd District,City,Talisay City,McKinley Baybay,10.717175,122.974015,11,4,0,162494,Closed
BFP-20260103-7484,BFP,2026-01-03,09:32:45,Other Emergency,Human-Induced Hazard,Incident Report,Water rescue (non-flood),Critical,Negros Occidental - 3rd District,City,Talisay City,Katilingban,10.725317,122.96825,6,2,0,0,Resolved
DRRMO-20260105-2876,DRRMO,2026-01-05,05:00:47,Other Emergency,Human-Induced Hazard,Incident Report,Animal rescue,Low,Negros Occidental - 3rd District,City,Talisay City,McKinley Baybay,10.757215,122.976778,8,4,0,0,Resolved
DRRMO-20260108-0816,DRRMO,2026-01-08,10:49:36,Medical Emergency,Human-Induced Hazard,Incident Report,Stroke/seizure,Low,Negros Occidental - 3rd District,City,Talisay City,Zone 20,10.697221,122.925261,13,1,0,0,Resolved
BFP-20260109-2938,BFP,2026-01-09,08:34:18,Fire Incident,Human-Induced Hazard,Incident Report,Electrical ignition/faulty wiring,High,Negros Occidental - 3rd District,City,Talisay City,Cabatangan,10.732688,122.989786,18,4,4,1110269,Closed
DRRMO-20260112-3642,DRRMO,2026-01-12,17:48:58,Landslide,Natural Hazard,Incident Report,Slope erosion,Low,Negros Occidental - 3rd District,City,Talisay City,Dos Hermanas,10.770488,123.009959,21,1,0,547032,Resolved
BFP-20260116-1315,BFP,2026-01-16,20:26:23,Other Emergency,Human-Induced Hazard,Incident Report,Power line hazard,Low,Negros Occidental - 3rd District,City,Talisay City,San Isidro,10.728126,123.011712,8,2,0,0,Resolved
DRRMO-20260118-0050,DRRMO,2026-01-18,06:43:56,Flood/Typhoon,Natural Hazard,Incident Report,Heavy monsoon rain,Low,Negros Occidental - 3rd District,City,Talisay City,Dos Hermanas,10.735608,122.970576,5,1,0,9140,Resolved
BFP-20260119-8838,BFP,2026-01-19,04:05:58,Vehicular Accident,Human-Induced Hazard,Incident Report,Pedestrian hit,High,Negros Occidental - 3rd District,City,Talisay City,Katilingban,10.717771,122.96155,17,1,0,0,Resolved
DRRMO-20260122-9425,DRRMO,2026-01-22,10:38:16,Landslide,Natural Hazard,Incident Report,Prolonged heavy rainfall,Low,Negros Occidental - 3rd District,City,Talisay City,Cabatangan,10.697763,123.016191,12,2,0,910629,Resolved
BFP-20260122-9569,BFP,2026-01-22,16:07:24,Medical Emergency,Human-Induced Hazard,Incident Report,Cardiac arrest,Low,Negros Occidental - 3rd District,City,Talisay City,Cabatangan,10.726423,122.97566,24,1,1,0,Resolved
DRRMO-20260125-3372,DRRMO,2026-01-25,19:56:12,Flood/Typhoon,Natural Hazard,Incident Report,Storm surge,Critical,Negros Occidental - 3rd District,City,Talisay City,San Sebastian,10.740337,122.958884,15,2,2,0,Resolved
BFP-20260126-8471,BFP,2026-01-26,04:30:51,Fire Incident,Human-Induced Hazard,Incident Report,Electrical short circuit,High,Negros Occidental - 3rd District,City,Talisay City,Cabatangan,10.705012,122.96996,20,4,0,1677800,Ongoing
DRRMO-20260128-0250,DRRMO,2026-01-28,21:35:06,Vehicular Accident,Human-Induced Hazard,Incident Report,Head-on collision,Low,Negros Occidental - 3rd District,City,Talisay City,McKinley Baybay,10.738923,122.972359,4,1,0,0,Resolved
BFP-20260131-8508,BFP,2026-01-31,14:57:24,Fire Incident,Human-Induced Hazard,Incident Report,Arson (under investigation),High,Negros Occidental - 3rd District,City,Talisay City,McKinley Baybay,10.772767,122.96962,13,3,3,838906,Closed
BFP-20260203-5803,BFP,2026-02-03,13:11:08,Fire Incident,Human-Induced Hazard,Incident Report,Unknown/undetermined,Low,Negros Occidental - 3rd District,City,Talisay City,San Isidro,10.735269,122.943011,7,3,0,1043092,Resolved
BFP-20260208-0035,BFP,2026-02-08,20:27:56,Fire Incident,Human-Induced Hazard,Incident Report,Unattended cooking / open flame,High,Negros Occidental - 3rd District,City,Talisay City,Concepcion,10.731885,122.962161,15,1,0,243763,Resolved
BFP-20260212-2175,BFP,2026-02-12,07:27:41,Fire Incident,Human-Induced Hazard,Incident Report,Arson (under investigation),High,Negros Occidental - 3rd District,City,Talisay City,Concepcion,10.749814,122.920109,4,4,0,0,Resolved
DRRMO-20260213-3763,DRRMO,2026-02-13,00:19:29,Vehicular Accident,Human-Induced Hazard,Incident Report,Multi-vehicle collision,Critical,Negros Occidental - 3rd District,City,Talisay City,Matab-ang,10.751123,122.962413,7,2,0,0,Resolved
BFP-20260214-0307,BFP,2026-02-14,02:49:44,Fire Incident,Human-Induced Hazard,Incident Report,LPG tank leak,Critical,Negros Occidental - 3rd District,City,Talisay City,Dos Hermanas,10.759107,122.943019,16,3,0,211370,Closed
DRRMO-20260215-7172,DRRMO,2026-02-15,01:00:54,Flood/Typhoon,Natural Hazard,Incident Report,Typhoon/tropical storm rainfall,Critical,Negros Occidental - 3rd District,City,Talisay City,Dos Hermanas,10.746385,122.937051,24,3,0,1785192,Resolved
DRRMO-20260219-0038,DRRMO,2026-02-19,22:47:51,Other Emergency,Human-Induced Hazard,Incident Report,Animal rescue,High,Negros Occidental - 3rd District,City,Talisay City,Dos Hermanas,10.748385,123.00119,6,1,0,0,Closed
DRRMO-20260220-0712,DRRMO,2026-02-20,10:06:05,Flood/Typhoon,Natural Hazard,Incident Report,Heavy monsoon rain,Critical,Negros Occidental - 3rd District,City,Talisay City,San Isidro,10.698221,123.004749,8,4,0,2007421,Closed
BFP-20260220-3910,BFP,2026-02-20,20:43:41,Fire Incident,Human-Induced Hazard,Incident Report,Arson (under investigation),Low,Negros Occidental - 3rd District,City,Talisay City,Concepcion,10.716364,122.963749,28,2,0,1330211,Closed
BFP-20260221-0397,BFP,2026-02-21,19:29:58,Fire Incident,Human-Induced Hazard,Incident Report,Unknown/undetermined,High,Negros Occidental - 3rd District,City,Talisay City,San Sebastian,10.740009,122.993625,8,1,0,133209,Resolved
DRRMO-20260223-0242,DRRMO,2026-02-23,02:06:37,Other Emergency,Human-Induced Hazard,Incident Report,Animal rescue,Low,Negros Occidental - 3rd District,City,Talisay City,Concepcion,10.757448,122.982732,3,1,0,0,Resolved
DRRMO-20260227-5764,DRRMO,2026-02-27,18:44:01,Flood/Typhoon,Natural Hazard,Incident Report,Typhoon/tropical storm rainfall,Low,Negros Occidental - 3rd District,City,Talisay City,Zone 19,10.764856,122.977569,16,1,2,0,Resolved
DRRMO-20260301-0309,DRRMO,2026-03-01,17:15:48,Flood/Typhoon,Natural Hazard,Incident Report,Typhoon/tropical storm rainfall,Low,Negros Occidental - 3rd District,City,Talisay City,Zone 20,10.728652,122.990862,8,1,0,26393,Resolved
BFP-20260301-2869,BFP,2026-03-01,18:47:48,Fire Incident,Human-Induced Hazard,Incident Report,Electrical ignition/faulty wiring,Low,Negros Occidental - 3rd District,City,Talisay City,McKinley Baybay,10.70134,122.95523,14,2,0,0,Ongoing
DRRMO-20260302-6951,DRRMO,2026-03-02,17:34:00,Flood/Typhoon,Natural Hazard,Incident Report,River overflow (Imbang/Malijao river system),Critical,Negros Occidental - 3rd District,City,Talisay City,Matab-ang,10.695565,122.987034,19,1,0,2005456,Resolved
DRRMO-20260305-0067,DRRMO,2026-03-05,07:40:16,Flood/Typhoon,Natural Hazard,Incident Report,Typhoon/tropical storm rainfall,High,Negros Occidental - 3rd District,City,Talisay City,McKinley Baybay,10.783242,122.96728,8,2,0,33851,Resolved
DRRMO-20260308-2141,DRRMO,2026-03-08,11:39:01,Chemical Leak,Human-Induced Hazard,Incident Report,Industrial/sugar-mill chemical spill,High,Negros Occidental - 3rd District,City,Talisay City,Zone 19,10.748179,123.003854,17,2,0,0,Resolved
DRRMO-20260308-0042,DRRMO,2026-03-08,14:59:42,Landslide,Natural Hazard,Incident Report,Quarrying-related instability,Low,Negros Occidental - 3rd District,City,Talisay City,Dos Hermanas,10.730725,122.968034,6,1,0,4668,Closed
BFP-20260309-1125,BFP,2026-03-09,12:22:42,Fire Incident,Human-Induced Hazard,Situational Report,Electrical short circuit,High,Negros Occidental - 3rd District,City,Talisay City,San Isidro,10.724463,122.940031,23,1,0,578681,Resolved
DRRMO-20260309-3879,DRRMO,2026-03-09,17:56:55,Infrastructure Damage,Natural Hazard,Incident Report,Road washout/damage,Low,Negros Occidental - 3rd District,City,Talisay City,San Isidro,10.772776,122.994948,5,2,2,746717,Ongoing
DRRMO-20260310-0294,DRRMO,2026-03-10,17:41:58,Landslide,Natural Hazard,Incident Report,Quarrying-related instability,High,Negros Occidental - 3rd District,City,Talisay City,Cabatangan,10.716785,122.943702,11,2,0,159958,Resolved
BFP-20260311-0163,BFP,2026-03-11,13:03:12,Fire Incident,Human-Induced Hazard,Incident Report,Unattended cooking / open flame,Critical,Negros Occidental - 3rd District,City,Talisay City,San Isidro,10.706402,122.984104,12,2,3,1543559,Resolved
DRRMO-20260313-3179,DRRMO,2026-03-13,14:14:34,Vehicular Accident,Human-Induced Hazard,Incident Report,Head-on collision,High,Negros Occidental - 3rd District,City,Talisay City,Efigenio Lizares,10.716305,123.000862,22,3,0,0,False Alarm
BFP-20260314-7974,BFP,2026-03-14,14:18:27,Fire Incident,Human-Induced Hazard,Incident Report,Candle / lighted lamp,Low,Negros Occidental - 3rd District,City,Talisay City,Bulanon,10.771372,123.019542,15,1,0,1644315,Resolved
BFP-20260316-3818,BFP,2026-03-16,18:13:04,Fire Incident,Human-Induced Hazard,Incident Report,Candle / lighted lamp,Low,Negros Occidental - 3rd District,City,Talisay City,Zone 19,10.755038,122.940716,3,1,0,264081,Resolved
DRRMO-20260319-6591,DRRMO,2026-03-19,12:32:18,Flood/Typhoon,Natural Hazard,Incident Report,River overflow (Imbang/Malijao river system),High,Negros Occidental - 3rd District,City,Talisay City,Matab-ang,10.750573,122.996711,5,1,0,126812,Resolved
BFP-20260329-0016,BFP,2026-03-29,07:47:09,Medical Emergency,Human-Induced Hazard,Incident Report,Difficulty breathing,Low,Negros Occidental - 3rd District,City,Talisay City,"Zone 16, Bubog",10.732709,122.968534,4,1,0,0,Resolved
BFP-20260330-0205,BFP,2026-03-30,09:55:02,Infrastructure Damage,Human-Induced Hazard,Incident Report,Collapsed structure,Low,Negros Occidental - 3rd District,City,Talisay City,Efigenio Lizares,10.772505,122.939705,6,1,0,9075,Resolved
BFP-20260401-0061,BFP,2026-04-01,11:01:14,Other Emergency,Human-Induced Hazard,Incident Report,Water rescue (non-flood),Critical,Negros Occidental - 3rd District,City,Talisay City,McKinley Baybay,10.717344,122.955424,16,4,0,0,Closed
BFP-20260402-7843,BFP,2026-04-02,17:08:39,Infrastructure Damage,Natural Hazard,Incident Report,Bridge damage,Critical,Negros Occidental - 3rd District,City,Talisay City,Concepcion,10.695589,122.959816,34,1,0,985221,Resolved
DRRMO-20260403-5219,DRRMO,2026-04-03,15:33:29,Other Emergency,Human-Induced Hazard,Incident Report,Water rescue (non-flood),Low,Negros Occidental - 3rd District,City,Talisay City,Dos Hermanas,10.741532,122.971551,4,1,2,0,Resolved
BFP-20260404-8575,BFP,2026-04-04,02:28:19,Fire Incident,Human-Induced Hazard,Situational Report,Candle / lighted lamp,High,Negros Occidental - 3rd District,City,Talisay City,McKinley Baybay,10.725037,122.935572,19,3,0,476322,Resolved
DRRMO-20260404-7934,DRRMO,2026-04-04,21:25:19,Vehicular Accident,Human-Induced Hazard,Incident Report,Motorcycle self-accident,High,Negros Occidental - 3rd District,City,Talisay City,San Sebastian,10.696203,122.925991,12,3,0,0,Resolved
DRRMO-20260410-2616,DRRMO,2026-04-10,08:03:51,Flood/Typhoon,Natural Hazard,Incident Report,Storm surge,High,Negros Occidental - 3rd District,City,Talisay City,San Sebastian,10.735002,122.996684,8,1,0,1878554,Resolved
DRRMO-20260416-5953,DRRMO,2026-04-16,07:54:29,Medical Emergency,Human-Induced Hazard,Incident Report,Drowning,High,Negros Occidental - 3rd District,City,Talisay City,McKinley Baybay,10.737613,122.981976,13,2,0,0,Resolved
DRRMO-20260419-8490,DRRMO,2026-04-19,05:40:31,Other Emergency,Human-Induced Hazard,Incident Report,False alarm / unverified report,Low,Negros Occidental - 3rd District,City,Talisay City,San Sebastian,10.69091,123.005057,22,1,0,0,Resolved
BFP-20260421-4089,BFP,2026-04-21,22:42:40,Fire Incident,Human-Induced Hazard,Incident Report,Smoking / lighted cigarette,Low,Negros Occidental - 3rd District,City,Talisay City,Bulanon,10.765366,122.964663,13,2,0,0,Resolved
DRRMO-20260423-1312,DRRMO,2026-04-23,04:30:59,Flood/Typhoon,Natural Hazard,Incident Report,Clogged drainage/canal overflow,Low,Negros Occidental - 3rd District,City,Talisay City,Zone 20,10.727007,122.926408,20,1,1,0,Resolved
DRRMO-20260424-0046,DRRMO,2026-04-24,00:39:08,Other Emergency,Human-Induced Hazard,Incident Report,False alarm / unverified report,Low,Negros Occidental - 3rd District,City,Talisay City,San Isidro,10.72435,123.002416,3,1,0,0,Resolved
DRRMO-20260424-9276,DRRMO,2026-04-24,06:31:17,Other Emergency,Human-Induced Hazard,Incident Report,False alarm / unverified report,High,Negros Occidental - 3rd District,City,Talisay City,McKinley Baybay,10.760409,122.953776,20,4,2,0,Closed
BFP-20260425-0417,BFP,2026-04-25,10:36:25,Fire Incident,Human-Induced Hazard,Incident Report,Electrical ignition/faulty wiring,Low,Negros Occidental - 3rd District,City,Talisay City,"Zone 16, Bubog",10.751412,122.904078,4,1,0,11602,Resolved
DRRMO-20260425-7386,DRRMO,2026-04-25,23:37:17,Vehicular Accident,Human-Induced Hazard,Incident Report,Vehicle overturned,Critical,Negros Occidental - 3rd District,City,Talisay City,McKinley Baybay,10.762396,123.003073,28,4,0,0,Resolved
DRRMO-20260429-0300,DRRMO,2026-04-29,16:45:08,Infrastructure Damage,Human-Induced Hazard,Incident Report,Fallen electric post/tree,High,Negros Occidental - 3rd District,City,Talisay City,Efigenio Lizares,10.735735,122.946119,7,3,2,206138,Resolved
BFP-20260501-0008,BFP,2026-05-01,08:25:27,Infrastructure Damage,Natural Hazard,Incident Report,Collapsed structure,High,Negros Occidental - 3rd District,City,Talisay City,San Sebastian,10.742194,122.963599,9,1,0,214410,Resolved
BFP-20260501-4962,BFP,2026-05-01,22:04:52,Chemical Leak,Human-Induced Hazard,Incident Report,Fuel spill,Low,Negros Occidental - 3rd District,City,Talisay City,Zone 19,10.757631,122.960914,9,4,0,0,Resolved
DRRMO-20260502-4107,DRRMO,2026-05-02,09:49:51,Fire Incident,Human-Induced Hazard,Incident Report,Unknown/undetermined,High,Negros Occidental - 3rd District,City,Talisay City,Efigenio Lizares,10.741601,122.955232,21,1,0,0,Resolved
BFP-20260503-7619,BFP,2026-05-03,00:19:18,Other Emergency,Human-Induced Hazard,Incident Report,False alarm / unverified report,Low,Negros Occidental - 3rd District,City,Talisay City,Efigenio Lizares,10.72654,122.977998,8,3,0,0,Resolved
BFP-20260503-0295,BFP,2026-05-03,03:16:07,Fire Incident,Human-Induced Hazard,Incident Report,Unattended cooking / open flame,Low,Negros Occidental - 3rd District,City,Talisay City,Katilingban,10.762512,122.993168,13,1,0,17900,Resolved
DRRMO-20260504-0155,DRRMO,2026-05-04,09:58:26,Medical Emergency,Human-Induced Hazard,Incident Report,Fall/physical injury,Low,Negros Occidental - 3rd District,City,Talisay City,Katilingban,10.759856,122.97015,12,1,0,0,False Alarm
DRRMO-20260507-0412,DRRMO,2026-05-07,04:27:06,Other Emergency,Human-Induced Hazard,Incident Report,False alarm / unverified report,High,Negros Occidental - 3rd District,City,Talisay City,San Sebastian,10.667861,122.944536,7,1,0,0,Resolved
DRRMO-20260511-0350,DRRMO,2026-05-11,00:56:22,Vehicular Accident,Human-Induced Hazard,Incident Report,Vehicle overturned,High,Negros Occidental - 3rd District,City,Talisay City,McKinley Baybay,10.697338,122.946517,9,2,0,0,Ongoing
DRRMO-20260514-0335,DRRMO,2026-05-14,23:10:24,Vehicular Accident,Human-Induced Hazard,Incident Report,Multi-vehicle collision,Critical,Negros Occidental - 3rd District,City,Talisay City,McKinley Baybay,10.731774,122.991085,13,2,2,0,Closed
BFP-20260523-0014,BFP,2026-05-23,05:31:51,Fire Incident,Human-Induced Hazard,Incident Report,Arson (under investigation),High,Negros Occidental - 3rd District,City,Talisay City,Zone 20,10.757666,122.967042,8,1,0,269087,Resolved
BFP-20260524-4892,BFP,2026-05-24,13:21:59,Other Emergency,Human-Induced Hazard,Incident Report,Water rescue (non-flood),Low,Negros Occidental - 3rd District,City,Talisay City,Zone 17,10.733158,123.002055,5,3,0,0,Closed
DRRMO-20260606-6254,DRRMO,2026-06-06,20:37:37,Flood/Typhoon,Natural Hazard,Incident Report,River overflow (Imbang/Malijao river system),Low,Negros Occidental - 3rd District,City,Talisay City,Zone 20,10.696053,123.008943,12,4,0,0,Resolved
DRRMO-20260608-9449,DRRMO,2026-06-08,08:31:11,Landslide,Natural Hazard,Incident Report,Slope erosion,High,Negros Occidental - 3rd District,City,Talisay City,Zone 17,10.767861,122.948027,19,2,0,1209454,Ongoing
BFP-20260609-8797,BFP,2026-06-09,22:26:34,Fire Incident,Human-Induced Hazard,Incident Report,LPG tank leak,Low,Negros Occidental - 3rd District,City,Talisay City,Cabatangan,10.757211,122.955953,18,4,0,0,False Alarm
DRRMO-20260611-0258,DRRMO,2026-06-11,00:30:21,Other Emergency,Human-Induced Hazard,Incident Report,Search and rescue,Low,Negros Occidental - 3rd District,City,Talisay City,Dos Hermanas,10.760018,122.973302,3,1,0,0,Ongoing
DRRMO-20260617-1704,DRRMO,2026-06-17,00:21:00,Medical Emergency,Human-Induced Hazard,Incident Report,Snake bite,Low,Negros Occidental - 3rd District,City,Talisay City,Zone 17,10.745871,123.004901,14,3,0,0,Resolved
DRRMO-20260618-7963,DRRMO,2026-06-18,09:15:03,Infrastructure Damage,Human-Induced Hazard,Incident Report,Fallen electric post/tree,Low,Negros Occidental - 3rd District,City,Talisay City,Efigenio Lizares,10.764631,123.014695,3,3,0,766225,Closed
BFP-20260620-3955,BFP,2026-06-20,19:44:56,Fire Incident,Human-Induced Hazard,Incident Report,LPG tank leak,High,Negros Occidental - 3rd District,City,Talisay City,Katilingban,10.737242,122.971663,18,2,0,586486,Resolved
BFP-20260621-4481,BFP,2026-06-21,01:02:41,Fire Incident,Human-Induced Hazard,Incident Report,Electrical short circuit,Low,Negros Occidental - 3rd District,City,Talisay City,McKinley Baybay,10.698774,123.016844,9,3,0,0,Resolved
BFP-20260624-9471,BFP,2026-06-24,13:31:56,Vehicular Accident,Human-Induced Hazard,Incident Report,Multi-vehicle collision,High,Negros Occidental - 3rd District,City,Talisay City,San Isidro,10.719855,122.957535,17,4,0,0,Resolved
DRRMO-20260626-4151,DRRMO,2026-06-26,01:20:59,Infrastructure Damage,Human-Induced Hazard,Incident Report,Road washout/damage,Critical,Negros Occidental - 3rd District,City,Talisay City,Katilingban,10.733808,123.018912,32,1,0,423318,Resolved
DRRMO-20260627-0039,DRRMO,2026-06-27,04:59:40,Vehicular Accident,Human-Induced Hazard,Incident Report,Multi-vehicle collision,Low,Negros Occidental - 3rd District,City,Talisay City,San Isidro,10.69114,122.95687,8,1,0,0,Resolved
DRRMO-20260628-6993,DRRMO,2026-06-28,07:26:21,Other Emergency,Human-Induced Hazard,Incident Report,Animal rescue,Low,Negros Occidental - 3rd District,City,Talisay City,Zone 19,10.728547,122.961599,23,2,0,0,Resolved
BFP-20260702-9831,BFP,2026-07-02,20:19:12,Fire Incident,Human-Induced Hazard,Incident Report,Arson (under investigation),Low,Negros Occidental - 3rd District,City,Talisay City,Dos Hermanas,10.73397,122.94403,11,3,0,1491271,Resolved
BFP-20260703-2898,BFP,2026-07-03,14:09:20,Other Emergency,Human-Induced Hazard,Incident Report,Power line hazard,Low,Negros Occidental - 3rd District,City,Talisay City,Zone 19,10.750832,122.997894,13,4,0,0,False Alarm
DRRMO-20260705-4962,DRRMO,2026-07-05,09:54:05,Flood/Typhoon,Natural Hazard,Incident Report,Clogged drainage/canal overflow,Low,Negros Occidental - 3rd District,City,Talisay City,Katilingban,10.706686,123.015635,25,2,0,0,Resolved
DRRMO-20260707-1610,DRRMO,2026-07-07,11:01:21,Other Emergency,Human-Induced Hazard,Incident Report,Power line hazard,Critical,Negros Occidental - 3rd District,City,Talisay City,Zone 19,10.75746,122.951095,4,4,0,0,Resolved
BFP-20260710-0404,BFP,2026-07-10,13:08:50,Other Emergency,Human-Induced Hazard,Incident Report,False alarm / unverified report,High,Negros Occidental - 3rd District,City,Talisay City,Katilingban,10.722611,123.022658,10,1,0,0,Resolved
BFP-20260710-8822,BFP,2026-07-10,18:12:16,Fire Incident,Human-Induced Hazard,Incident Report,Unknown/undetermined,Low,Negros Occidental - 3rd District,City,Talisay City,Cabatangan,10.750247,122.920169,13,4,0,807813,Resolved
BFP-20260712-8554,BFP,2026-07-12,19:34:52,Other Emergency,Human-Induced Hazard,Incident Report,False alarm / unverified report,High,Negros Occidental - 3rd District,City,Talisay City,Cabatangan,10.766242,122.997487,20,1,1,0,Closed
BFP-20260716-8835,BFP,2026-07-16,01:55:21,Fire Incident,Human-Induced Hazard,Incident Report,Electrical ignition/faulty wiring,High,Negros Occidental - 3rd District,City,Talisay City,Concepcion,10.733703,122.947848,3,1,0,141348,Resolved
DRRMO-20260718-1374,DRRMO,2026-07-18,22:36:06,Flood/Typhoon,Natural Hazard,Incident Report,Heavy monsoon rain,Critical,Negros Occidental - 3rd District,City,Talisay City,San Isidro,10.70138,122.967714,27,4,0,0,Resolved
BFP-20260719-4027,BFP,2026-07-19,05:17:17,Fire Incident,Human-Induced Hazard,Incident Report,Unknown/undetermined,High,Negros Occidental - 3rd District,City,Talisay City,San Sebastian,10.765091,122.923465,15,4,4,450292,Ongoing
DRRMO-20260719-9326,DRRMO,2026-07-19,08:52:09,Vehicular Accident,Human-Induced Hazard,Incident Report,Motorcycle self-accident,Critical,Negros Occidental - 3rd District,City,Talisay City,Concepcion,10.695069,122.999263,20,2,0,0,Resolved
DRRMO-20260726-7289,DRRMO,2026-07-26,10:55:30,Medical Emergency,Human-Induced Hazard,Incident Report,Cardiac arrest,High,Negros Occidental - 3rd District,City,Talisay City,San Sebastian,10.772873,122.974058,4,3,0,0,Resolved
DRRMO-20260728-6482,DRRMO,2026-07-28,04:49:07,Flood/Typhoon,Natural Hazard,Incident Report,Heavy monsoon rain,Low,Negros Occidental - 3rd District,City,Talisay City,Zone 19,10.734735,122.956489,28,3,1,0,Resolved
DRRMO-20260728-5483,DRRMO,2026-07-28,09:24:26,Vehicular Accident,Human-Induced Hazard,Incident Report,Vehicle overturned,Critical,Negros Occidental - 3rd District,City,Talisay City,Zone 17,10.718761,122.979789,22,2,0,0,Resolved
DRRMO-20260802-0406,DRRMO,2026-08-02,02:11:46,Fire Incident,Human-Induced Hazard,Incident Report,Electrical ignition/faulty wiring,Low,Negros Occidental - 3rd District,City,Talisay City,Cabatangan,10.732778,122.962916,9,1,0,6348,Resolved
DRRMO-20260803-0420,DRRMO,2026-08-03,15:19:45,Vehicular Accident,Human-Induced Hazard,Incident Report,Vehicle overturned,Low,Negros Occidental - 3rd District,City,Talisay City,Dos Hermanas,10.767341,122.979491,3,1,0,0,Resolved
BFP-20260806-3322,BFP,2026-08-06,12:44:53,Fire Incident,Human-Induced Hazard,Incident Report,Unattended cooking / open flame,Low,Negros Occidental - 3rd District,City,Talisay City,Bulanon,10.717731,122.965276,7,2,0,0,Resolved
DRRMO-20260809-3979,DRRMO,2026-08-09,09:36:43,Medical Emergency,Human-Induced Hazard,Incident Report,Drowning,High,Negros Occidental - 3rd District,City,Talisay City,San Isidro,10.723716,122.991501,8,2,1,0,Resolved
BFP-20260816-0798,BFP,2026-08-16,00:15:13,Fire Incident,Human-Induced Hazard,Incident Report,Smoking / lighted cigarette,Critical,Negros Occidental - 3rd District,City,Talisay City,Concepcion,10.698576,122.923358,6,1,0,1606530,Resolved
DRRMO-20260816-4948,DRRMO,2026-08-16,07:00:16,Other Emergency,Human-Induced Hazard,Incident Report,False alarm / unverified report,Low,Negros Occidental - 3rd District,City,Talisay City,San Isidro,10.710019,122.995376,8,2,0,0,Resolved
DRRMO-20260818-0213,DRRMO,2026-08-18,19:30:25,Vehicular Accident,Human-Induced Hazard,Incident Report,Head-on collision,High,Negros Occidental - 3rd District,City,Talisay City,Dos Hermanas,10.743184,122.960538,5,2,0,0,Resolved
DRRMO-20260820-5375,DRRMO,2026-08-20,11:06:43,Flood/Typhoon,Natural Hazard,Incident Report,Clogged drainage/canal overflow,Low,Negros Occidental - 3rd District,City,Talisay City,Efigenio Lizares,10.730076,122.981955,26,3,0,0,Resolved
BFP-20260823-0418,BFP,2026-08-23,15:32:54,Fire Incident,Human-Induced Hazard,Incident Report,LPG tank leak,Critical,Negros Occidental - 3rd District,City,Talisay City,Katilingban,10.680661,122.99549,20,3,0,1004337,Resolved
DRRMO-20260824-8038,DRRMO,2026-08-24,21:21:16,Other Emergency,Human-Induced Hazard,Incident Report,Search and rescue,Low,Negros Occidental - 3rd District,City,Talisay City,Zone 17,10.759835,123.016651,10,4,0,0,Resolved
BFP-20260825-6144,BFP,2026-08-25,03:24:16,Fire Incident,Human-Induced Hazard,Incident Report,Candle / lighted lamp,High,Negros Occidental - 3rd District,City,Talisay City,"Zone 16, Bubog",10.751538,122.922471,10,1,0,1669766,Closed
DRRMO-20260828-0028,DRRMO,2026-08-28,20:31:20,Infrastructure Damage,Human-Induced Hazard,Incident Report,Building crack/structural risk,Low,Negros Occidental - 3rd District,City,Talisay City,San Isidro,10.731825,122.951824,7,1,0,12922,Closed
